,NameID,Name,TitleID,TitleName,TitleType
0,nm2794962,Hailee Steinfeld,tt9362722,Spider-Man: Across the Spider-Verse - Part One,movie
1,nm2794962,Hailee Steinfeld,tt5033998,Charlie's Angels,movie
2,nm2794962,Hailee Steinfeld,tt9398640,Between Two Ferns: The Movie,movie
3,nm2794962,Hailee Steinfeld,tt4633694,Spider-Man: Into the Spider-Verse,movie
4,nm2794962,Hailee Steinfeld,tt4701182,Bumblebee,movie
5,nm2794962,Hailee Steinfeld,tt4765284,Pitch Perfect 3,movie
6,nm2794962,Hailee Steinfeld,tt1878870,The Edge of Seventeen,movie
7,nm2794962,Hailee Steinfeld,tt2978102,Term Life,movie
8,nm2794962,Hailee Steinfeld,tt1731701,Barely Lethal,movie
9,nm2794962,Hailee Steinfeld,tt2848292,Pitch Perfect 2,movie
10,nm2794962,Hailee Steinfeld,tt3397754,Ten Thousand Saints,movie
11,nm2794962,Hailee Steinfeld,tt2488778,The Keeping Room,movie
12,nm2794962,Hailee Steinfeld,tt3398268,When Marnie Was There,movie
13,nm2794962,Hailee Steinfeld,tt2398231,The Homesman,movie
14,nm2794962,Hailee Steinfeld,tt2172934,3 Days to Kill,movie
15,nm2794962,Hailee Steinfeld,tt1731141,Ender's Game,movie
16,nm2794962,Hailee Steinfeld,tt1645131,Romeo and Juliet,movie
17,nm2794962,Hailee Steinfeld,tt2463512,Hateship Loveship,movie
18,nm2794962,Hailee Steinfeld,tt1980929,Begin Again,movie
19,nm2794962,Hailee Steinfeld,tt1403865,True Grit,movie
20,nm2794962,Hailee Steinfeld,tt2980332,Letters to Jackie: Remembering President Kennedy,movie
21,nm2794962,Hailee Steinfeld,tt15277036,Moments Within Moments,movie
22,nm2794962,Hailee Steinfeld,tt9155072,Idol,movie
23,nm2794962,Hailee Steinfeld,tt4701182,Bumblebee,movie
24,nm2794962,Hailee Steinfeld,tt2531344,Blockers,movie
25,nm2794962,Hailee Steinfeld,tt4477536,Fifty Shades Freed,movie
26,nm2794962,Hailee Steinfeld,tt4765284,Pitch Perfect 3,movie
27,nm2794962,Hailee Steinfeld,tt1292566,How to Be Single,movie
28,nm2794962,Hailee Steinfeld,tt3614530,Jem and the Holograms,movie
29,nm2794962,Hailee Steinfeld,tt2848292,Pitch Perfect 2,movie
30,nm2794962,Hailee Steinfeld,tt1980929,Begin Again,movie
31,nm4427331,Daniella Pineda,tt5884796,The Plane,movie
32,nm4427331,Daniella Pineda,tt8041270,Jurassic World: Dominion,movie
33,nm4427331,Daniella Pineda,tt2165922,Modern Persuasion,movie
34,nm4427331,Daniella Pineda,tt6393674,Before/During/After,movie
35,nm4427331,Daniella Pineda,tt8758086,Mercy Black,movie
36,nm4427331,Daniella Pineda,tt4881806,Jurassic World: Fallen Kingdom,movie
37,nm4427331,Daniella Pineda,tt6212496,Mr. Roosevelt,movie
38,nm4427331,Daniella Pineda,tt3165612,Sleeping with Other People,movie
39,nm4427331,Daniella Pineda,tt2331880,The Fitzgerald Family Christmas,movie
40,nm4427331,Daniella Pineda,tt1880418,Newlyweds,movie
41,nm2180812,Elena Satine,tt8786654,Payback,movie
42,nm2180812,Elena Satine,tt2972990,Outlaw,movie
43,nm2180812,Elena Satine,tt2611160,A Beautiful Now,movie
44,nm2180812,Elena Satine,tt3346224,Zipper,movie
45,nm2180812,Elena Satine,tt1407998,The Harsh Life of Veronica Lambert,movie
46,nm2180812,Elena Satine,tt1034305,Don't Look Up,movie
47,nm2180812,Elena Satine,tt0475936,Bar Starz,movie
48,nm2180812,Elena Satine,tt0479140,Ripple Effect,movie
49,nm5085683,Mckenna Grace,tt10554486,Rabbit Cake,movie
50,nm5085683,Mckenna Grace,tt11858066,Perfect,movie
51,nm5085683,Mckenna Grace,tt16034486,Untitled the Bad Seed/Lifetime Project,movie
52,nm5085683,Mckenna Grace,tt5264838,Crater,movie
53,nm5085683,Mckenna Grace,tt4513678,Ghostbusters: Afterlife,movie
54,nm5085683,Mckenna Grace,tt3811906,Malignant,movie
55,nm5085683,Mckenna Grace,tt11084896,Spirit Untamed,movie
56,nm5085683,Mckenna Grace,tt3152592,Scoob!,movie
57,nm5085683,Mckenna Grace,tt8350360,Annabelle Comes Home,movie
58,nm5085683,Mckenna Grace,tt4154664,Captain Marvel,movie
59,nm5085683,Mckenna Grace,tt2404465,Troop Zero,movie
60,nm5085683,Mckenna Grace,tt1677720,Ready Player One,movie
61,nm5085683,Mckenna Grace,tt5580036,"I, Tonya",movie
62,nm5085683,Mckenna Grace,tt1935897,Amityville: The Awakening,movie
63,nm5085683,Mckenna Grace,tt4795124,How to Be a Latin Lover,movie
64,nm5085683,Mckenna Grace,tt4481414,Gifted,movie
65,nm5085683,Mckenna Grace,tt1628841,Independence Day: Resurgence,movie
66,nm5085683,Mckenna Grace,tt1985949,The Angry Birds Movie,movie
67,nm5085683,Mckenna Grace,tt4196848,Mr. Church,movie
68,nm5085683,Mckenna Grace,tt4086032,Frankenstein,movie
69,nm5085683,Mckenna Grace,tt4257950,Russell Madness,movie
70,nm5085683,Mckenna Grace,tt3279176,Suburban Gothic,movie
71,nm5085683,Mckenna Grace,tt2352802,Goodbye World,movie
72,nm5085683,Mckenna Grace,tt10554486,Rabbit Cake,movie
73,nm5085683,Mckenna Grace,tt16034486,Untitled the Bad Seed/Lifetime Project,movie
74,nm5085683,Mckenna Grace,tt16034486,Untitled the Bad Seed/Lifetime Project,movie
75,nm5085683,Mckenna Grace,tt4513678,Ghostbusters: Afterlife,movie
76,nm5085683,Mckenna Grace,tt4481414,Gifted,movie
77,nm5085683,Mckenna Grace,tt6802308,The 15:17 to Paris,movie
78,nm5085683,Mckenna Grace,tt4116284,The Lego Batman Movie,movie
79,nm5085683,Mckenna Grace,tt3174376,Before I Wake,movie
80,nm5085683,Mckenna Grace,tt2179136,American Sniper,movie
81,nm5085683,Mckenna Grace,tt3297330,Good Kill,movie
82,nm0683253,Rosamund Pike,tt9893250,I Care a Lot,movie
83,nm0683253,Rosamund Pike,tt6017756,Radioactive,movie
84,nm0683253,Rosamund Pike,tt1833116,The Informer,movie
85,nm0683253,Rosamund Pike,tt2368254,A Private War,movie
86,nm0683253,Rosamund Pike,tt5466186,7 Days in Entebbe,movie
87,nm0683253,Rosamund Pike,tt4669264,Beirut,movie
88,nm0683253,Rosamund Pike,tt5478478,Hostiles,movie
89,nm0683253,Rosamund Pike,tt3296908,The Man with the Iron Heart,movie
90,nm0683253,Rosamund Pike,tt3387266,A United Kingdom,movie
91,nm0683253,Rosamund Pike,tt2948790,Return to Sender,movie
92,nm0683253,Rosamund Pike,tt2725962,What We Did on Our Holiday,movie
93,nm0683253,Rosamund Pike,tt2267998,Gone Girl,movie
94,nm0683253,Rosamund Pike,tt1626146,Hector and the Search for Happiness,movie
95,nm0683253,Rosamund Pike,tt0458413,A Long Way Down,movie
96,nm0683253,Rosamund Pike,tt1213663,The World's End,movie
97,nm0683253,Rosamund Pike,tt0463960,The Devil You Know,movie
98,nm0683253,Rosamund Pike,tt0790724,Jack Reacher,movie
99,nm0683253,Rosamund Pike,tt1646987,Wrath of the Titans,movie
100,nm0683253,Rosamund Pike,tt1053810,The Big Year,movie
101,nm0683253,Rosamund Pike,tt1634122,Johnny English Reborn,movie
102,nm0683253,Rosamund Pike,tt1371155,Made in Dagenham,movie
103,nm0683253,Rosamund Pike,tt0915463,Jackboots on Whitehall,movie
104,nm0683253,Rosamund Pike,tt1423894,Barney's Version,movie
105,nm0683253,Rosamund Pike,tt1283887,Burning Palms,movie
106,nm0683253,Rosamund Pike,tt0986263,Surrogates,movie
107,nm0683253,Rosamund Pike,tt1174732,An Education,movie
108,nm0683253,Rosamund Pike,tt0765451,Fugitive Pieces,movie
109,nm0683253,Rosamund Pike,tt0488120,Fracture,movie
110,nm0683253,Rosamund Pike,tt0419706,Doom,movie
111,nm0683253,Rosamund Pike,tt0414387,Pride & Prejudice,movie
112,nm0683253,Rosamund Pike,tt0375920,The Libertine,movie
113,nm0683253,Rosamund Pike,tt0424365,Promised Land,movie
114,nm0683253,Rosamund Pike,tt0246460,Die Another Day,movie
115,nm0683253,Rosamund Pike,tt2366308,Everything or Nothing,movie
116,nm0683253,Rosamund Pike,tt2368254,A Private War,movie
117,nm0683253,Rosamund Pike,tt1426386,Lost Angels: Skid Row Is My Home,movie
118,nm0683253,Rosamund Pike,tt0783233,Atonement,movie
119,nm0683253,Rosamund Pike,tt0915463,Jackboots on Whitehall,movie
120,nm0369513,Cole Hauser,tt14642066,Yolo County O.G,movie
121,nm0369513,Cole Hauser,tt13141250,Muti,movie
122,nm0369513,Cole Hauser,tt4029412,Panama,movie
123,nm0369513,Cole Hauser,tt5689056,The Last Champion,movie
124,nm0369513,Cole Hauser,tt5792656,Running with the Devil,movie
125,nm0369513,Cole Hauser,tt6684714,Acts of Violence,movie
126,nm0369513,Cole Hauser,tt2209764,Transcendence,movie
127,nm0369513,Cole Hauser,tt1502417,Assassins Run,movie
128,nm0369513,Cole Hauser,tt2302755,Olympus Has Fallen,movie
129,nm0369513,Cole Hauser,tt1606378,A Good Day to Die Hard,movie
130,nm0369513,Cole Hauser,tt1575694,The Hit List,movie
131,nm0369513,Cole Hauser,tt0981042,Like Dandelion Dust,movie
132,nm0369513,Cole Hauser,tt1142798,The Family That Preys,movie
133,nm0369513,Cole Hauser,tt0847897,The Stone Angel,movie
134,nm0369513,Cole Hauser,tt0452594,The Break-Up,movie
135,nm0369513,Cole Hauser,tt0439544,Dirty,movie
136,nm0369513,Cole Hauser,tt0402901,The Cave,movie
137,nm0369513,Cole Hauser,tt7262530,Hope for the Addicted,movie
138,nm0369513,Cole Hauser,tt0338325,Paparazzi,movie
139,nm0369513,Cole Hauser,tt0322259,2 Fast 2 Furious,movie
140,nm0369513,Cole Hauser,tt0314353,Tears of the Sun,movie
141,nm0369513,Cole Hauser,tt0283139,White Oleander,movie
142,nm0369513,Cole Hauser,tt0251114,Hart's War,movie
143,nm0369513,Cole Hauser,tt0170691,Tigerland,movie
144,nm0369513,Cole Hauser,tt0193854,A Shot at Glory,movie
145,nm0369513,Cole Hauser,tt0134847,Pitch Black,movie
146,nm0369513,Cole Hauser,tt0120699,The Hi-Lo Country,movie
147,nm0369513,Cole Hauser,tt0120081,Scotch and Milk,movie
148,nm0369513,Cole Hauser,tt0119217,Good Will Hunting,movie
149,nm0369513,Cole Hauser,tt0118586,All Over Me,movie
150,nm0369513,Cole Hauser,tt0113305,Higher Learning,movie
151,nm0369513,Cole Hauser,tt0111212,Skins,movie
152,nm0369513,Cole Hauser,tt0106677,Dazed and Confused,movie
153,nm0369513,Cole Hauser,tt0105180,The Prom,movie
154,nm0369513,Cole Hauser,tt0105327,School Ties,movie
155,nm0369513,Cole Hauser,tt0106954,Frame-Up II: The Cover-Up,movie
156,nm0369513,Cole Hauser,tt14642066,Yolo County O.G,movie
157,nm0369513,Cole Hauser,tt2350892,Bad Country,movie
158,nm1869101,Ana de Armas,tt7181546,Ballerina,movie
159,nm1869101,Ana de Armas,tt15326988,Ghosted,movie
160,nm1869101,Ana de Armas,tt1655389,Blonde,movie
161,nm1869101,Ana de Armas,tt1649418,The Gray Man,movie
162,nm1869101,Ana de Armas,tt2180339,Deep Water,movie
163,nm1869101,Ana de Armas,tt2382320,No Time to Die,movie
164,nm1869101,Ana de Armas,tt7979142,The Night Clerk,movie
165,nm1869101,Ana de Armas,tt8750570,Sergio,movie
166,nm1869101,Ana de Armas,tt8946378,Knives Out,movie
167,nm1869101,Ana de Armas,tt6760876,Wasp Network,movie
168,nm1869101,Ana de Armas,tt1833116,The Informer,movie
169,nm1869101,Ana de Armas,tt8079248,Yesterday,movie
170,nm1869101,Ana de Armas,tt8356008,Corazón,movie
171,nm1869101,Ana de Armas,tt1856101,Blade Runner 2049,movie
172,nm1869101,Ana de Armas,tt1935194,Overdrive,movie
173,nm1869101,Ana de Armas,tt2005151,War Dogs,movie
174,nm1869101,Ana de Armas,tt1781827,Hands of Stone,movie
175,nm1869101,Ana de Armas,tt4019560,Exposed,movie
176,nm1869101,Ana de Armas,tt5032026,Anabel,movie
177,nm1869101,Ana de Armas,tt3605418,Knock Knock,movie
178,nm1869101,Ana de Armas,tt3028412,For a Handful of Kisses,movie
179,nm1869101,Ana de Armas,tt2968136,Faraday,movie
180,nm1869101,Ana de Armas,tt1703911,Blind Alley,movie
181,nm1869101,Ana de Armas,tt0822833,"Sex, Party & Lies",movie
182,nm1869101,Ana de Armas,tt0797014,Madrigal,movie
183,nm1869101,Ana de Armas,tt0450836,Una rosa de Francia,movie
184,nm1869101,Ana de Armas,tt15277036,Moments Within Moments,movie
185,nm1869101,Ana de Armas,tt10115998,The Cincinnati Spin,movie
186,nm1869101,Ana de Armas,tt2968136,Faraday,movie
187,nm1869101,Ana de Armas,tt15326988,Ghosted,movie
188,nm4141252,Lily James,tt10595038,The Paris Trap,movie
189,nm4141252,Lily James,tt13430858,What's Love Got to Do with It?,movie
190,nm4141252,Lily James,tt3661210,The Dig,movie
191,nm4141252,Lily James,tt2235695,Rebecca,movie
192,nm4141252,Lily James,tt8419594,Rare Beasts,movie
193,nm4141252,Lily James,tt8079248,Yesterday,movie
194,nm4141252,Lily James,tt9652730,All About Eve,movie
195,nm4141252,Lily James,tt6911608,Mamma Mia! Here We Go Again,movie
196,nm4141252,Lily James,tt6418918,Little Woods,movie
197,nm4141252,Lily James,tt1289403,The Guernsey Literary and Potato Peel Pie Society,movie
198,nm4141252,Lily James,tt5688932,Sorry to Bother You,movie
199,nm4141252,Lily James,tt4555426,Darkest Hour,movie
200,nm4141252,Lily James,tt3890160,Baby Driver,movie
201,nm4141252,Lily James,tt4721124,The Exception,movie
202,nm4141252,Lily James,tt5943392,Branagh Theatre Live: Romeo and Juliet,movie
203,nm4141252,Lily James,tt1374989,Pride and Prejudice and Zombies,movie
204,nm4141252,Lily James,tt2503944,Burnt,movie
205,nm4141252,Lily James,tt1661199,Cinderella,movie
206,nm4141252,Lily James,tt1700808,Fast Girls,movie
207,nm4141252,Lily James,tt1441940,Broken,movie
208,nm4141252,Lily James,tt1646987,Wrath of the Titans,movie
209,nm4141252,Lily James,tt5177114,Young Woman and the Sea,movie
210,nm4141252,Lily James,tt9522296,Andrew Davies: Rewriting the Classics,movie
211,nm4141252,Lily James,tt8079248,Yesterday,movie
212,nm4141252,Lily James,tt6911608,Mamma Mia! Here We Go Again,movie
213,nm4141252,Lily James,tt1661199,Cinderella,movie
214,nm0792263,Taylor Sheridan,tt0490218,Stage Kiss,movie
215,nm0792263,Taylor Sheridan,tt1413492,12 Strong,movie
216,nm0792263,Taylor Sheridan,tt2582782,Hell or High Water,movie
217,nm0792263,Taylor Sheridan,tt0338554,White Rush,movie
218,nm0792263,Taylor Sheridan,tt3215824,Those Who Wish Me Dead,movie
219,nm0792263,Taylor Sheridan,tt5362988,Wind River,movie
220,nm0792263,Taylor Sheridan,tt1711018,Vile,movie
221,nm0792263,Taylor Sheridan,tt3215824,Those Who Wish Me Dead,movie
222,nm0792263,Taylor Sheridan,tt6065956,Disorder,movie
223,nm0792263,Taylor Sheridan,tt9198366,Fast,movie
224,nm0792263,Taylor Sheridan,tt3215824,Those Who Wish Me Dead,movie
225,nm0792263,Taylor Sheridan,tt0499097,Without Remorse,movie
226,nm0792263,Taylor Sheridan,tt5052474,Sicario: Day of the Soldado,movie
227,nm0792263,Taylor Sheridan,tt5362988,Wind River,movie
228,nm0792263,Taylor Sheridan,tt2582782,Hell or High Water,movie
229,nm0792263,Taylor Sheridan,tt3397884,Sicario,movie
230,nm0792263,Taylor Sheridan,tt3205406,The Embassy House,movie
231,nm0792263,Taylor Sheridan,tt2634812,Dark Invasion,movie
232,nm0792263,Taylor Sheridan,tt5952594,The Mustang,movie
233,nm2933757,Gal Gadot,tt14544104,Meet Me in Another Life,movie
234,nm2933757,Gal Gadot,tt13722802,Wonder Woman 3,movie
235,nm2933757,Gal Gadot,tt13258918,Cleopatra,movie
236,nm2933757,Gal Gadot,tt13603966,Heart of Stone,movie
237,nm2933757,Gal Gadot,tt13261740,Irena Sendler,movie
238,nm2933757,Gal Gadot,tt6208148,Snow White and the Seven Dwarfs,movie
239,nm2933757,Gal Gadot,tt7657566,Death on the Nile,movie
240,nm2933757,Gal Gadot,tt7991608,Red Notice,movie
241,nm2933757,Gal Gadot,tt12361974,Zack Snyder's Justice League,movie
242,nm2933757,Gal Gadot,tt7126948,Wonder Woman 1984,movie
243,nm2933757,Gal Gadot,tt9398640,Between Two Ferns: The Movie,movie
244,nm2933757,Gal Gadot,tt5848272,Ralph Breaks the Internet,movie
245,nm2933757,Gal Gadot,tt0974015,Justice League,movie
246,nm2933757,Gal Gadot,tt0451279,Wonder Woman,movie
247,nm2933757,Gal Gadot,tt2387499,Keeping Up with the Joneses,movie
248,nm2933757,Gal Gadot,tt3014866,Criminal,movie
249,nm2933757,Gal Gadot,tt2975590,Batman v Superman: Dawn of Justice,movie
250,nm2933757,Gal Gadot,tt1712261,Triple 9,movie
251,nm2933757,Gal Gadot,tt2820852,Furious 7,movie
252,nm2933757,Gal Gadot,tt3421738,Kicking Out Shoshana,movie
253,nm2933757,Gal Gadot,tt1905041,Fast & Furious 6,movie
254,nm2933757,Gal Gadot,tt1596343,Fast Five,movie
255,nm2933757,Gal Gadot,tt1013743,Knight and Day,movie
256,nm2933757,Gal Gadot,tt1279935,Date Night,movie
257,nm2933757,Gal Gadot,tt1013752,Fast & Furious,movie
258,nm2933757,Gal Gadot,tt15277036,Moments Within Moments,movie
259,nm2933757,Gal Gadot,tt8081532,La petite histoire des super-héros,movie
260,nm2933757,Gal Gadot,tt14544104,Meet Me in Another Life,movie
261,nm2933757,Gal Gadot,tt8466694,My Dearest Fidel,movie
262,nm2933757,Gal Gadot,tt13722802,Wonder Woman 3,movie
263,nm2933757,Gal Gadot,tt13258918,Cleopatra,movie
264,nm2933757,Gal Gadot,tt13603966,Heart of Stone,movie
265,nm2933757,Gal Gadot,tt13261740,Irena Sendler,movie
266,nm2933757,Gal Gadot,tt7126948,Wonder Woman 1984,movie
267,nm2933757,Gal Gadot,tt5848272,Ralph Breaks the Internet,movie
268,nm2933757,Gal Gadot,tt13258918,Cleopatra,movie
269,nm5709125,Ritu Arya,tt7991608,Red Notice,movie
270,nm5709125,Ritu Arya,tt8623904,Last Christmas,movie
271,nm5709125,Ritu Arya,tt5467554,Daphne,movie
272,nm4689420,Carrie Coon,tt2560078,Boston Strangler,movie
273,nm4689420,Carrie Coon,tt4513678,Ghostbusters: Afterlife,movie
274,nm4689420,Carrie Coon,tt8338762,The Nest,movie
275,nm4689420,Carrie Coon,tt4154796,Avengers: Endgame,movie
276,nm4689420,Carrie Coon,tt4218572,Widows,movie
277,nm4689420,Carrie Coon,tt6017942,Kin,movie
278,nm4689420,Carrie Coon,tt4154756,Avengers: Infinity War,movie
279,nm4689420,Carrie Coon,tt4762824,The Legacy of a Whitetail Deer Hunter,movie
280,nm4689420,Carrie Coon,tt6294822,The Post,movie
281,nm4689420,Carrie Coon,tt5198796,Izzy Gets the F*ck Across Town,movie
282,nm4689420,Carrie Coon,tt5114154,The Keeping Hours,movie
283,nm4689420,Carrie Coon,tt5205210,Strange Weather,movie
284,nm4689420,Carrie Coon,tt2267998,Gone Girl,movie
285,nm4689420,Carrie Coon,tt3239618,Lost Colony,movie
286,nm4689420,Carrie Coon,tt5198796,Izzy Gets the F*ck Across Town,movie
287,nm0267812,Vera Farmiga,tt13932464,Bad Bloom,movie
288,nm0267812,Vera Farmiga,tt13434730,The Salamander Lives Twice,movie
289,nm0267812,Vera Farmiga,tt8110232,The Many Saints of Newark,movie
290,nm0267812,Vera Farmiga,tt7069210,The Conjuring: The Devil Made Me Do It,movie
291,nm0267812,Vera Farmiga,tt8350360,Annabelle Comes Home,movie
292,nm0267812,Vera Farmiga,tt3741700,Godzilla: King of the Monsters,movie
293,nm0267812,Vera Farmiga,tt5968394,Captive State,movie
294,nm0267812,Vera Farmiga,tt6043142,Skin,movie
295,nm0267812,Vera Farmiga,tt5814060,The Nun,movie
296,nm0267812,Vera Farmiga,tt7074886,The Front Runner,movie
297,nm0267812,Vera Farmiga,tt5686062,Boundaries,movie
298,nm0267812,Vera Farmiga,tt1590193,The Commuter,movie
299,nm0267812,Vera Farmiga,tt4882548,Burn Your Maps,movie
300,nm0267812,Vera Farmiga,tt3065204,The Conjuring 2,movie
301,nm0267812,Vera Farmiga,tt4181052,Special Correspondents,movie
302,nm0267812,Vera Farmiga,tt1872194,The Judge,movie
303,nm0267812,Vera Farmiga,tt2017486,Closer to the Moon,movie
304,nm0267812,Vera Farmiga,tt1457767,The Conjuring,movie
305,nm0267812,Vera Farmiga,tt1483324,At Middleton,movie
306,nm0267812,Vera Farmiga,tt1599348,Safe House,movie
307,nm0267812,Vera Farmiga,tt1577052,Goats,movie
308,nm0267812,Vera Farmiga,tt0945513,Source Code,movie
309,nm0267812,Vera Farmiga,tt1562568,Higher Ground,movie
310,nm0267812,Vera Farmiga,tt1220888,Henry's Crime,movie
311,nm0267812,Vera Farmiga,tt0954544,A Heavenly Vintage,movie
312,nm0267812,Vera Farmiga,tt1193138,Up in the Air,movie
313,nm0267812,Vera Farmiga,tt1148204,Orphan,movie
314,nm0267812,Vera Farmiga,tt1073241,Nothing But the Truth,movie
315,nm0267812,Vera Farmiga,tt0914798,The Boy in the Striped Pajamas,movie
316,nm0267812,Vera Farmiga,tt0785012,In Tranzit,movie
317,nm0267812,Vera Farmiga,tt0414426,Quid Pro Quo,movie
318,nm0267812,Vera Farmiga,tt0808331,Joshua,movie
319,nm0267812,Vera Farmiga,tt0817544,Never Forever,movie
320,nm0267812,Vera Farmiga,tt0425087,The Hard Easy,movie
321,nm0267812,Vera Farmiga,tt0407887,The Departed,movie
322,nm0267812,Vera Farmiga,tt0443456,Breaking and Entering,movie
323,nm0267812,Vera Farmiga,tt0404390,Running Scared,movie
324,nm0267812,Vera Farmiga,tt0418004,Neverwas,movie
325,nm0267812,Vera Farmiga,tt0368008,The Manchurian Candidate,movie
326,nm0267812,Vera Farmiga,tt0373152,Mind the Gap,movie
327,nm0267812,Vera Farmiga,tt0363579,Down to the Bone,movie
328,nm0267812,Vera Farmiga,tt0246592,The Dummy,movie
329,nm0267812,Vera Farmiga,tt0292501,Love in the Time of Money,movie
330,nm0267812,Vera Farmiga,tt0243232,Dust,movie
331,nm0267812,Vera Farmiga,tt0179626,15 Minutes,movie
332,nm0267812,Vera Farmiga,tt0174480,Autumn in New York,movie
333,nm0267812,Vera Farmiga,tt0138681,The Opportunists,movie
334,nm0267812,Vera Farmiga,tt0124595,Return to Paradise,movie
335,nm0267812,Vera Farmiga,tt12358586,Notes on an American Film Director at Work,movie
336,nm0267812,Vera Farmiga,tt7007696,Share,movie
337,nm0267812,Vera Farmiga,tt6043142,Skin,movie
338,nm0267812,Vera Farmiga,tt7074886,The Front Runner,movie
339,nm0267812,Vera Farmiga,tt4181052,Special Correspondents,movie
340,nm0267812,Vera Farmiga,tt1483324,At Middleton,movie
341,nm0267812,Vera Farmiga,tt1562568,Higher Ground,movie
342,nm0267812,Vera Farmiga,tt13932464,Bad Bloom,movie
343,nm0267812,Vera Farmiga,tt1562568,Higher Ground,movie
344,nm6073955,Florence Pugh,tt14036174,Dolly,movie
345,nm6073955,Florence Pugh,tt14153080,A Good Person,movie
346,nm6073955,Florence Pugh,tt10731256,Don't Worry Darling,movie
347,nm6073955,Florence Pugh,tt9288822,The Wonder,movie
348,nm6073955,Florence Pugh,tt3480822,Black Widow,movie
349,nm6073955,Florence Pugh,tt3281548,Little Women,movie
350,nm6073955,Florence Pugh,tt8772262,Midsommar,movie
351,nm6073955,Florence Pugh,tt6513120,Fighting with My Family,movie
352,nm6073955,Florence Pugh,tt2386237,Malevolent,movie
353,nm6073955,Florence Pugh,tt6679794,Outlaw King,movie
354,nm6073955,Florence Pugh,tt1590193,The Commuter,movie
355,nm6073955,Florence Pugh,tt4291600,Lady Macbeth,movie
356,nm6073955,Florence Pugh,tt3294200,The Falling,movie
357,nm6073955,Florence Pugh,tt13704116,The Maid,movie
358,nm6073955,Florence Pugh,tt3294200,The Falling,movie
359,nm6073955,Florence Pugh,tt14036174,Dolly,movie
360,nm6073955,Florence Pugh,tt14153080,A Good Person,movie
361,nm6073955,Florence Pugh,tt13704116,The Maid,movie
362,nm1307435,Alex Hassell,tt10095582,The Tragedy of Macbeth,movie
363,nm1307435,Alex Hassell,tt4995776,The Red Sea Diving Resort,movie
364,nm1307435,Alex Hassell,tt8681068,National Theatre Live: I'm Not Running,movie
365,nm1307435,Alex Hassell,tt5075662,The Isle,movie
366,nm1307435,Alex Hassell,tt0491175,Suburbicon,movie
367,nm1307435,Alex Hassell,tt6419594,RSC Live: Henry V,movie
368,nm1307435,Alex Hassell,tt3092790,Two Down,movie
369,nm1307435,Alex Hassell,tt3890730,Royal Shakespeare Company: Henry IV Part II,movie
370,nm1307435,Alex Hassell,tt3875352,Royal Shakespeare Company: Henry IV Part I,movie
371,nm1307435,Alex Hassell,tt1942920,Miss in Her Teens,movie
372,nm1307435,Alex Hassell,tt0906013,The Grind,movie
373,nm1307435,Alex Hassell,tt1521197,Anonymous,movie
374,nm1307435,Alex Hassell,tt0451197,The Sickhouse,movie
375,nm1307435,Alex Hassell,tt0159365,Cold Mountain,movie
376,nm1307435,Alex Hassell,tt1942920,Miss in Her Teens,movie
377,nm0687146,Jesse Plemons,tt5537002,Killers of the Flower Moon,movie
378,nm0687146,Jesse Plemons,tt15033192,Windfall,movie
379,nm0687146,Jesse Plemons,tt7740510,Antlers,movie
380,nm0687146,Jesse Plemons,tt10293406,The Power of the Dog,movie
381,nm0687146,Jesse Plemons,tt0870154,Jungle Cruise,movie
382,nm0687146,Jesse Plemons,tt9784798,Judas and the Black Messiah,movie
383,nm0687146,Jesse Plemons,tt7939766,I'm Thinking of Ending Things,movie
384,nm0687146,Jesse Plemons,tt9243946,El Camino: A Breaking Bad Movie,movie
385,nm0687146,Jesse Plemons,tt1302006,The Irishman,movie
386,nm0687146,Jesse Plemons,tt6266538,Vice,movie
387,nm0687146,Jesse Plemons,tt2704998,Game Night,movie
388,nm0687146,Jesse Plemons,tt6294822,The Post,movie
389,nm0687146,Jesse Plemons,tt5478478,Hostiles,movie
390,nm0687146,Jesse Plemons,tt3532216,American Made,movie
391,nm0687146,Jesse Plemons,tt5155780,The Discovery,movie
392,nm0687146,Jesse Plemons,tt4158876,Other People,movie
393,nm0687146,Jesse Plemons,tt3682448,Bridge of Spies,movie
394,nm0687146,Jesse Plemons,tt3083008,The Program,movie
395,nm0687146,Jesse Plemons,tt1355683,Black Mass,movie
396,nm0687146,Jesse Plemons,tt2398231,The Homesman,movie
397,nm0687146,Jesse Plemons,tt2409812,Flutter,movie
398,nm0687146,Jesse Plemons,tt1560747,The Master,movie
399,nm0687146,Jesse Plemons,tt1440129,Battleship,movie
400,nm0687146,Jesse Plemons,tt1486186,Meeting Spencer,movie
401,nm0687146,Jesse Plemons,tt1092026,Paul,movie
402,nm0687146,Jesse Plemons,tt1079964,Happiness Runs,movie
403,nm0687146,Jesse Plemons,tt1197628,Observe and Report,movie
404,nm0687146,Jesse Plemons,tt1247692,Shrink,movie
405,nm0687146,Jesse Plemons,tt0357668,Sky Kids,movie
406,nm0687146,Jesse Plemons,tt0338552,When Zachary Beaver Came to Town,movie
407,nm0687146,Jesse Plemons,tt0337619,The Failures,movie
408,nm0687146,Jesse Plemons,tt0308506,Like Mike,movie
409,nm0687146,Jesse Plemons,tt0283991,Children on Their Birthdays,movie
410,nm0687146,Jesse Plemons,tt0149624,All the Pretty Horses,movie
411,nm0687146,Jesse Plemons,tt0139699,Varsity Blues,movie
412,nm0687146,Jesse Plemons,tt0124555,Finding North,movie
413,nm0687146,Jesse Plemons,tt15033192,Windfall,movie
414,nm0687146,Jesse Plemons,tt9738716,The World to Come,movie
415,nm0687146,Jesse Plemons,tt7939766,I'm Thinking of Ending Things,movie
416,nm0687146,Jesse Plemons,tt5155780,The Discovery,movie
417,nm0687146,Jesse Plemons,tt1486186,Meeting Spencer,movie
418,nm0687146,Jesse Plemons,tt5960172,Lovey: King of the Roadies,movie
419,nm3480246,Ella Purnell,tt0993840,Army of the Dead,movie
420,nm3480246,Ella Purnell,tt6290798,UFO,movie
421,nm3480246,Ella Purnell,tt4615318,Access All Areas,movie
422,nm3480246,Ella Purnell,tt2674454,Churchill,movie
423,nm3480246,Ella Purnell,tt1935859,Miss Peregrine's Home for Peculiar Children,movie
424,nm3480246,Ella Purnell,tt3292080,The Journey Is the Destination,movie
425,nm3480246,Ella Purnell,tt0918940,The Legend of Tarzan,movie
426,nm3480246,Ella Purnell,tt2204080,Wildlike,movie
427,nm3480246,Ella Purnell,tt1587310,Maleficent,movie
428,nm3480246,Ella Purnell,tt1650554,Kick-Ass 2,movie
429,nm3480246,Ella Purnell,tt1634121,Intruders,movie
430,nm3480246,Ella Purnell,tt1446208,Ways to Live Forever,movie
431,nm3480246,Ella Purnell,tt1334260,Never Let Me Go,movie
432,nm0717709,Kelly Reilly,tt10042788,Promises,movie
433,nm0717709,Kelly Reilly,tt9907782,Eight for Silver,movie
434,nm0717709,Kelly Reilly,tt5294518,Eli,movie
435,nm0717709,Kelly Reilly,tt6210996,10x10,movie
436,nm0717709,Kelly Reilly,tt2368619,The Take,movie
437,nm0717709,Kelly Reilly,tt3455740,Set Fire to the Stars,movie
438,nm0717709,Kelly Reilly,tt1929263,Heaven Is for Real,movie
439,nm0717709,Kelly Reilly,tt2234003,Calvary,movie
440,nm0717709,Kelly Reilly,tt1724965,Innocence,movie
441,nm0717709,Kelly Reilly,tt1937118,Chinese Puzzle,movie
442,nm0717709,Kelly Reilly,tt1540741,A Single Shot,movie
443,nm0717709,Kelly Reilly,tt1907668,Flight,movie
444,nm0717709,Kelly Reilly,tt1515091,Sherlock Holmes: A Game of Shadows,movie
445,nm0717709,Kelly Reilly,tt1709654,Citizen Gangster,movie
446,nm0717709,Kelly Reilly,tt1577104,Ti presento un amico,movie
447,nm0717709,Kelly Reilly,tt1290140,Meant to Be,movie
448,nm0717709,Kelly Reilly,tt0988045,Sherlock Holmes,movie
449,nm0717709,Kelly Reilly,tt1217070,Triage,movie
450,nm0717709,Kelly Reilly,tt1175506,Me and Orson Welles,movie
451,nm0717709,Kelly Reilly,tt1020530,Eden Lake,movie
452,nm0717709,Kelly Reilly,tt0484881,Puffball: The Devil's Eyeball,movie
453,nm0717709,Kelly Reilly,tt0413015,Mrs. Henderson Presents,movie
454,nm0717709,Kelly Reilly,tt0414387,Pride & Prejudice,movie
455,nm0717709,Kelly Reilly,tt0409184,Russian Dolls,movie
456,nm0717709,Kelly Reilly,tt0375920,The Libertine,movie
457,nm0717709,Kelly Reilly,tt0349340,Dead Bodies,movie
458,nm0717709,Kelly Reilly,tt0283900,The Spanish Apartment,movie
459,nm0717709,Kelly Reilly,tt0253200,Last Orders,movie
460,nm0717709,Kelly Reilly,tt0239792,Peaches,movie
461,nm0717709,Kelly Reilly,tt0206926,Maybe Baby,movie
462,nm1940449,Andrew Garfield,tt6729068,Black Lion,movie
463,nm1940449,Andrew Garfield,tt8721424,"tick, tick...BOOM!",movie
464,nm1940449,Andrew Garfield,tt9115530,The Eyes of Tammy Faye,movie
465,nm1940449,Andrew Garfield,tt9224288,Mainstream,movie
466,nm1940449,Andrew Garfield,tt5691670,Under the Silver Lake,movie
467,nm1940449,Andrew Garfield,tt5716464,Breathe,movie
468,nm1940449,Andrew Garfield,tt6847810,National Theatre Live: Angels in America Part Two: Perestroika,movie
469,nm1940449,Andrew Garfield,tt6846664,National Theatre Live: Angels in America Part One - Millennium Approaches,movie
470,nm1940449,Andrew Garfield,tt0490215,Silence,movie
471,nm1940449,Andrew Garfield,tt2119532,Hacksaw Ridge,movie
472,nm1940449,Andrew Garfield,tt2891174,99 Homes,movie
473,nm1940449,Andrew Garfield,tt1872181,The Amazing Spider-Man 2,movie
474,nm1940449,Andrew Garfield,tt0948470,The Amazing Spider-Man,movie
475,nm1940449,Andrew Garfield,tt1285016,The Social Network,movie
476,nm1940449,Andrew Garfield,tt1334260,Never Let Me Go,movie
477,nm1940449,Andrew Garfield,tt1054606,The Imaginarium of Doctor Parnassus,movie
478,nm1940449,Andrew Garfield,tt0467200,The Other Boleyn Girl,movie
479,nm1940449,Andrew Garfield,tt0891527,Lions for Lambs,movie
480,nm1940449,Andrew Garfield,tt1078188,Boy A,movie
481,nm1940449,Andrew Garfield,tt8721424,"tick, tick...BOOM!",movie
482,nm1940449,Andrew Garfield,tt6729068,Black Lion,movie
483,nm1940449,Andrew Garfield,tt6303558,Untitled Adidas Puma Project,movie
484,nm1940449,Andrew Garfield,tt9224288,Mainstream,movie
485,nm1940449,Andrew Garfield,tt1798709,Her,movie
486,nm3918035,Zendaya,tt13417116,Be My Baby,movie
487,nm3918035,Zendaya,tt10128846,Megalopolis,movie
488,nm3918035,Zendaya,tt15239678,Dune: Part Two,movie
489,nm3918035,Zendaya,tt10872600,Spider-Man: No Way Home,movie
490,nm3918035,Zendaya,tt1160419,Dune,movie
491,nm3918035,Zendaya,tt3554046,Space Jam: A New Legacy,movie
492,nm3918035,Zendaya,tt12676326,Malcolm & Marie,movie
493,nm3918035,Zendaya,tt6320628,Spider-Man: Far from Home,movie
494,nm3918035,Zendaya,tt6182908,Smallfoot,movie
495,nm3918035,Zendaya,tt4940416,Duck Duck Goose,movie
496,nm3918035,Zendaya,tt1485796,The Greatest Showman,movie
497,nm3918035,Zendaya,tt2250912,Spider-Man: Homecoming,movie
498,nm3918035,Zendaya,tt15277036,Moments Within Moments,movie
499,nm3918035,Zendaya,tt13417116,Be My Baby,movie