,NameID,AwardName,Year
0,nm2794962,WAFCA Award,2010
1,nm2794962,Actor,2011
2,nm2794962,Critics Choice Award,2011
3,nm2794962,Sierra Award,2010
4,nm2794962,Sierra Award,2010
5,nm2794962,CFCA Award,2010
6,nm2794962,CFCA Award,2010
7,nm2794962,ALFS Award,2011
8,nm2794962,AFCA Award,2010
9,nm2794962,TFCA Award,2010
10,nm2794962,PFCS Award,2010
11,nm2794962,PFCS Award,2010
12,nm2794962,KCFCC Award,2010
13,nm2794962,OFCS Award,2011
14,nm2794962,COFCA Award,2011
15,nm2794962,COFCA Award,2011
16,nm2794962,COFCA Award,2011
17,nm2794962,Critics Choice Award,2011
18,nm2794962,BAFTA Film Award,2011
19,nm2794962,PFCS Award,2010
20,nm2794962,SEFCA Award,2010
21,nm2794962,VFCC Award,2011
22,nm2794962,Oscar,2011
23,nm2794962,DFWFCA Award,2010
24,nm2794962,Young Artist Award,2011
25,nm2794962,Saturn Award,2011
26,nm2794962,MTV Movie Award,2011
27,nm2794962,Virtuoso Award,2011
28,nm2794962,Young Hollywood Award,2011
29,nm2794962,Teen Choice Award,2011
30,nm2794962,Empire Award,2012
31,nm2794962,Face of the Future,2013
32,nm2794962,Face of the Future Award,2013
33,nm2794962,IFC Award,2011
34,nm2794962,SLFCA Award,2010
35,nm2794962,EDA Award,2011
36,nm2794962,IFJA Award,2010
37,nm2794962,EDA Female Focus Award,2011
38,nm2794962,EDA Female Focus Award,2011
39,nm2794962,UFCA Award,2010
40,nm2794962,Bronze Wrangler,2011
41,nm2794962,OFTA Film Award,2011
42,nm2794962,OFTA Film Award,2011
43,nm2794962,OFTA Film Award,2011
44,nm2794962,Festival Award,2014
45,nm2794962,Golden Schmoes,2010
46,nm2794962,Golden Schmoes,2010
47,nm2794962,ACCA,2010
48,nm2794962,HFCS Award,2010
49,nm2794962,EDA Female Focus Award,2011
50,nm2794962,Davis Award,2010
51,nm2794962,Teen Choice Award,2015
52,nm2794962,WFCC Award,2014
53,nm2794962,BTVA Anime Dub Movie/Special Voice Acting Award,2016
54,nm2794962,BTVA Anime Dub Movie/Special Voice Acting Award,2016
55,nm2794962,Critics Choice Award,2016
56,nm2794962,Critics Choice Award,2016
57,nm2794962,WAFCA Award,2016
58,nm2794962,Golden Globe,2017
59,nm2794962,Sierra Award,2016
60,nm2794962,WFCC Award,2016
61,nm2794962,COFCA Award,2017
62,nm2794962,GMS Award,2016
63,nm2794962,Blimp Award,2017
64,nm2794962,INOCA,2011
65,nm2794962,MTV Movie + TV Award,2017
66,nm2794962,Teen Choice Award,2017
67,nm2794962,EDA Female Focus Award,2019
68,nm2794962,MTV Europe Music Award,2018
69,nm2794962,Blimp Award,2019
70,nm2794962,Teen Choice Award,2019
71,nm2794962,Saturn Award,2019
72,nm2794962,MTV Europe Music Award,2019
73,nm2794962,MTV Europe Music Award,2017
74,nm2794962,DFCC,2011
75,nm2794962,DFCC,2011
76,nm2794962,Teen Choice Award,2018
77,nm2794962,IFJA Award,2016
78,nm2794962,HCA TV Award,2021
79,nm5085683,Critics Choice Award,2018
80,nm5085683,WFCC Award,2017
81,nm5085683,PFCS Award,2017
82,nm5085683,PFCS Award,2017
83,nm5085683,OFTA Film Award,2018
84,nm5085683,OFTA Television Award,2019
85,nm5085683,HCA Award,2020
86,nm5085683,Primetime Emmy,2021
87,nm0683253,ALFS Award,2006
88,nm0683253,ALFS Award,2010
89,nm0683253,Actor,2010
90,nm0683253,Cinescape Genre Face of the Future Award,2003
91,nm0683253,Empire Award,2003
92,nm0683253,MTV Movie Award,2003
93,nm0683253,British Independent Film Award,2005
94,nm0683253,British Independent Film Award,2009
95,nm0683253,British Independent Film Award,2010
96,nm0683253,Satellite Award,2010
97,nm0683253,ALFS Award,2011
98,nm0683253,ALFS Award,2011
99,nm0683253,Genie,2011
100,nm0683253,Genie,2009
101,nm0683253,EDA Special Mention Award,2011
102,nm0683253,Lost Weekend Award,2014
103,nm0683253,Breakthrough Performance Award,2015
104,nm0683253,Satellite Award,2015
105,nm0683253,WAFCA Award,2014
106,nm0683253,Golden Globe,2015
107,nm0683253,Actor,2015
108,nm0683253,Virtuoso Award,2015
109,nm0683253,KCFCC Award,2014
110,nm0683253,IFJA Award,2014
111,nm0683253,Critics Choice Award,2015
112,nm0683253,ALFS Award,2015
113,nm0683253,PFCS Award,2014
114,nm0683253,PFCS Award,2014
115,nm0683253,AFCA Award,2014
116,nm0683253,FFCC Award,2014
117,nm0683253,CFCA Award,2014
118,nm0683253,DFCS Award,2014
119,nm0683253,SDFCS Award,2014
120,nm0683253,SLFCA Award,2014
121,nm0683253,DFWFCA Award,2014
122,nm0683253,UFCA Award,2014
123,nm0683253,GAFCA Award,2015
124,nm0683253,NTFCA Award,2015
125,nm0683253,COFCA Award,2015
126,nm0683253,OFCC Award,2015
127,nm0683253,IFC Award,2015
128,nm0683253,BAFTA Film Award,2015
129,nm0683253,EDA Award,2015
130,nm0683253,EDA Special Mention Award,2015
131,nm0683253,OFCS Award,2014
132,nm0683253,Oscar,2015
133,nm0683253,Dorian Award,2015
134,nm0683253,Sant Jordi,2015
135,nm0683253,COFCA Award,2015
136,nm0683253,DFCS Award,2015
137,nm0683253,OFTA Film Award,2015
138,nm0683253,ACCA,2014
139,nm0683253,ACCA,2009
140,nm0683253,GAFCA Award,2015
141,nm0683253,WIN Award,2014
142,nm0683253,INOCA,2015
143,nm0683253,CinEuphoria,2015
144,nm0683253,MTV Movie Award,2015
145,nm0683253,MTV Movie Award,2015
146,nm0683253,MTV Movie Award,2015
147,nm0683253,IOFCP Award,2015
148,nm0683253,Saturn Award,2015
149,nm0683253,Cinema Bloggers Award,2015
150,nm0683253,Empire Award,2015
151,nm0683253,ICP Award,2014
152,nm0683253,CCOP,2015
153,nm0683253,CCOP,2015
154,nm0683253,NCFCA Award,2015
155,nm0683253,Golden Schmoes,2014
156,nm0683253,Golden Schmoes,2014
157,nm0683253,Golden Schmoes,2014
158,nm0683253,Gold Derby Award,2015
159,nm0683253,PCC Award,2014
160,nm0683253,NFCS Award,2014
161,nm0683253,Gold Derby Award,2015
162,nm0683253,VVFP Award,2014
163,nm0683253,Seattle Film Critics Award,2015
164,nm0683253,Gold Derby Award,2015
165,nm0683253,AACTA International Award,2015
166,nm0683253,Georges Award,2015
167,nm0683253,Saturn Award,2018
168,nm0683253,Golden Globe,2019
169,nm0683253,Satellite Award,2019
170,nm0683253,NTFCA Award,2018
171,nm0683253,Primetime Emmy,2019
172,nm0683253,DFCC,2014
173,nm0683253,WIN Award,2020
174,nm0683253,Gold Derby Award,2020
175,nm0683253,Días de Cine Award,2015
176,nm0683253,Golden Globe,2021
177,nm0683253,American Film Award,2019
178,nm0683253,Best Actress,2020
179,nm0683253,iHeartRadio Podcast Award,2022
180,nm0683253,Top 10 Breakout Stars Award,2014
181,nm0369513,Independent Spirit Award,2001
182,nm0369513,Young Hollywood Award,2003
183,nm1869101,Saturn Award,2018
184,nm1869101,Golden Schmoes,2017
185,nm1869101,Trophy,2017
186,nm1869101,Satellite Award,2019
187,nm1869101,Golden Globe,2020
188,nm1869101,DFCS Award,2019
189,nm1869101,OAFFC Award,2019
190,nm1869101,Breakthrough Award,2020
191,nm1869101,LEJA Award,2020
192,nm1869101,Breakout Award,2020
193,nm1869101,Golden Schmoes,2019
194,nm1869101,Golden Schmoes,2019
195,nm1869101,OFTA Film Award,2020
196,nm1869101,Gold Derby Award,2020
197,nm1869101,Gold Derby Award,2020
198,nm1869101,OFTA Film Award,2020
199,nm1869101,Award of the Spanish Actors Union,2020
200,nm1869101,Gold Derby Award,2020
201,nm1869101,Golden Carp Film Award - International,2020
202,nm1869101,Golden Carp Film Award - International,2020
203,nm1869101,IGN Award,2019
204,nm1869101,Imagen Award,2020
205,nm1869101,IFJA Award,2019
206,nm1869101,Saturn Award,2021
207,nm1869101,Odyssey Award,2017
208,nm1869101,Odyssey Award,2019
209,nm4141252,Actor,2015
210,nm4141252,Teen Choice Award,2015
211,nm4141252,Harper's Bazaar Award,2015
212,nm4141252,Actor,2016
213,nm4141252,Blimp Award,2016
214,nm4141252,Satellite Award,2017
215,nm4141252,Individual Award,2016
216,nm4141252,Huading Award,2016
217,nm4141252,Grand Jury,2019
218,nm4141252,People's Choice Award,2018
219,nm0792263,OFCS Award,2015
220,nm0792263,SFFCC Award,2015
221,nm0792263,AFCA Award,2015
222,nm0792263,KCFCC Award,2015
223,nm0792263,COFCA Award,2016
224,nm0792263,Seattle Film Critics Award,2016
225,nm0792263,GAFCA Award,2016
226,nm0792263,OFTA Film Award,2016
227,nm0792263,OFTA Film Award,2016
228,nm0792263,Gotham Independent Film Award,2016
229,nm0792263,Independent Spirit Award,2017
230,nm0792263,Satellite Award,2017
231,nm0792263,Critics Choice Award,2016
232,nm0792263,WAFCA Award,2016
233,nm0792263,Golden Globe,2017
234,nm0792263,HFCS Award,2017
235,nm0792263,SFFCC Award,2016
236,nm0792263,SDFCS Award,2016
237,nm0792263,PCC Award,2016
238,nm0792263,DFCS Award,2016
239,nm0792263,PFCS Award,2016
240,nm0792263,Sierra Award,2016
241,nm0792263,VFCC Award,2016
242,nm0792263,CFCA Award,2016
243,nm0792263,KCFCC Award,2016
244,nm0792263,DFCC,2016
245,nm0792263,SLFCA Award,2016
246,nm0792263,UFCA Award,2016
247,nm0792263,SEFCA Award,2016
248,nm0792263,IFJA Award,2016
249,nm0792263,ICP Award,2016
250,nm0792263,NFCS Award,2016
251,nm0792263,FFCC Award,2016
252,nm0792263,OFCS Award,2017
253,nm0792263,NCFCA Award,2017
254,nm0792263,COFCA Award,2017
255,nm0792263,AACTA International Award,2017
256,nm0792263,OFCC Award,2017
257,nm0792263,NSFC Award,2017
258,nm0792263,BAFTA Film Award,2017
259,nm0792263,DFCS Award,2017
260,nm0792263,GAFCA Award,2017
261,nm0792263,Oscar,2017
262,nm0792263,ACCA,2016
263,nm0792263,Golden Schmoes,2016
264,nm0792263,Empire Award,2017
265,nm0792263,OFTA Film Award,2017
266,nm0792263,Saturn Award,2017
267,nm0792263,WGA Award (Screen),2017
268,nm0792263,WGA Award (Screen),2016
269,nm0792263,Un Certain Regard Award,2017
270,nm0792263,Golden Camera,2017
271,nm0792263,Gold Derby Award,2017
272,nm0792263,Un Certain Regard - Best Director,2017
273,nm0792263,Best of Fest Award,2017
274,nm0792263,Audience Award,2017
275,nm0792263,Audience Award,2017
276,nm0792263,Best Directorial Debut,2017
277,nm0792263,Hollywood Breakthrough Award,2017
278,nm0792263,American Indian Movie Award,2017
279,nm0792263,DFCS Award,2017
280,nm0792263,DGA Award,2018
281,nm0792263,HFCS Award,2017
282,nm0792263,HFCS Award,2018
283,nm0792263,HFCS Award,2018
284,nm0792263,CIFCC Award,2017
285,nm0792263,Bronze Wrangler,2018
286,nm0792263,EDA Award,2017
287,nm0792263,Bronze Wrangler,2019
288,nm0792263,Spur Award,2017
289,nm0792263,Spur Award,2018
290,nm0792263,Golden Carp Film Award - International,2018
291,nm0792263,DFCC,2017
292,nm0792263,Bronze Wrangler,2020
293,nm0792263,Bronze Wrangler,2021
294,nm2933757,Teen Choice Award,2016
295,nm2933757,Critics Choice Award,2016
296,nm2933757,WFCC Award,2016
297,nm2933757,Teen Choice Award,2017
298,nm2933757,Rising Star Award - Actress,2018
299,nm2933757,Spotlight Award,2017
300,nm2933757,NTFCA Award,2017
301,nm2933757,SeeHer Award,2018
302,nm2933757,OFTA Film Award,2018
303,nm2933757,Gold Derby Award,2018
304,nm2933757,Golden Schmoes,2017
305,nm2933757,Blimp Award,2018
306,nm2933757,Empire Award,2018
307,nm2933757,Saturn Award,2018
308,nm2933757,Golden Schmoes,2017
309,nm2933757,Golden Schmoes,2017
310,nm2933757,Golden Schmoes,2017
311,nm2933757,DFCS Award,2017
312,nm2933757,MTV Movie + TV Award,2018
313,nm2933757,MTV Movie + TV Award,2018
314,nm2933757,Teen Choice Award,2017
315,nm2933757,Teen Choice Award,2017
316,nm2933757,Teen Choice Award,2017
317,nm2933757,Teen Choice Award,2016
318,nm2933757,Teen Choice Award,2018
319,nm2933757,Blimp Award,2019
320,nm2933757,Odyssey Award,2017
321,nm2933757,Kids' Choice Award,2021
322,nm2933757,MTV Movie + TV Award,2021
323,nm2933757,Jupiter Award,2018
324,nm2933757,WFCC Award,2017
325,nm2933757,Digital Spy Reader Award,2017
326,nm2933757,Series Em Cena Award,2021
327,nm2933757,MTV Movie + TV Award,2020
328,nm2933757,Golden Tomato Award,2021
329,nm5709125,Best Actress in a Short Film Award,2016
330,nm5709125,British Soap Award,2017
331,nm5709125,IGN Award,2020
332,nm4689420,PFCS Award,2014
333,nm4689420,SDFCS Award,2014
334,nm4689420,SLFCA Award,2014
335,nm4689420,COFCA Award,2015
336,nm4689420,ACCA,2014
337,nm4689420,GAFCA Award,2015
338,nm4689420,OFTA Film Award,2015
339,nm4689420,Empire Award,2015
340,nm4689420,Golden Schmoes,2014
341,nm4689420,Critics' Choice TV Award,2015
342,nm4689420,IGN Award,2014
343,nm4689420,Critics' Choice TV Award,2016
344,nm4689420,ICP Award,2014
345,nm4689420,Gold Derby Award,2015
346,nm4689420,VVFP Award,2014
347,nm4689420,Gold Derby TV Award,2015
348,nm4689420,Gold Derby TV Award,2015
349,nm4689420,Gold Derby Award,2015
350,nm4689420,Gold Derby TV Award,2016
351,nm4689420,TCA Award,2017
352,nm4689420,IGN Award,2014
353,nm4689420,Primetime Emmy,2017
354,nm4689420,ACCA TV,2017
355,nm4689420,Gold Derby TV Award,2017
356,nm4689420,Gold Derby TV Award,2017
357,nm4689420,OFTA Television Award,2017
358,nm4689420,OFTA Television Award,2017
359,nm4689420,Satellite Award,2018
360,nm4689420,Critics Choice Award,2018
361,nm4689420,Chlotrudis Award,2018
362,nm4689420,OFTA Film Award,2018
363,nm4689420,Gold Derby TV Award,2017
364,nm4689420,MTV Movie + TV Award,2018
365,nm4689420,IGN Award,2017
366,nm4689420,Jury Award,2018
367,nm4689420,Golden Nymph,2018
368,nm4689420,Critics Choice Award,2019
369,nm4689420,OFTA Film Award,2019
370,nm4689420,Gold Derby Award,2019
371,nm4689420,Gold Derby TV Award,2019
372,nm4689420,Gotham Independent Film Award,2021
373,nm4689420,IFJA Award,2020
374,nm4689420,CFCA Award,2020
375,nm4689420,FFCC Award,2020
376,nm4689420,VFCC Award,2021
377,nm4689420,INOCA,2021
378,nm4689420,ICP Award,2020
379,nm4689420,Canadian Screen Award,2021
380,nm4689420,INOCA TV,2015
381,nm4689420,British Independent Film Award,2021
382,nm0267812,CFCA Award,2009
383,nm0267812,WAFCA Award,2009
384,nm0267812,ALFS Award,2010
385,nm0267812,LAFCA Award,2005
386,nm0267812,Critics Choice Award,2009
387,nm0267812,Critics Choice Award,2010
388,nm0267812,OFCS Award,2010
389,nm0267812,VFCC Award,2010
390,nm0267812,NBR Award,2006
391,nm0267812,Special Jury Prize,2004
392,nm0267812,Oscar,2010
393,nm0267812,Golden Globe,2010
394,nm0267812,Actor,2010
395,nm0267812,Actor,2007
396,nm0267812,BAFTA Film Award,2010
397,nm0267812,Best Actress,2004
398,nm0267812,Independent Spirit Award,2005
399,nm0267812,Jury Prize,2004
400,nm0267812,Empire Award,2007
401,nm0267812,British Independent Film Award,2008
402,nm0267812,DFWFCA Award,2009
403,nm0267812,Grand Jury Prize,2011
404,nm0267812,TFCA Award,2009
405,nm0267812,COFCA Award,2010
406,nm0267812,NSFC Award,2006
407,nm0267812,NYFCC Award,2009
408,nm0267812,WAFCA Award,2009
409,nm0267812,Satellite Award,2011
410,nm0267812,Satellite Award,2006
411,nm0267812,COFCA Award,2007
412,nm0267812,Critics Choice Award,2007
413,nm0267812,COFCA Award,2012
414,nm0267812,SDFCS Award,2009
415,nm0267812,BSFC Award,2006
416,nm0267812,Film Award,2010
417,nm0267812,TCA Award,2013
418,nm0267812,Festival Prize,2013
419,nm0267812,Satellite Award,2014
420,nm0267812,Primetime Emmy,2013
421,nm0267812,MTV Movie Award,2014
422,nm0267812,Saturn Award,2014
423,nm0267812,IFJA Award,2009
424,nm0267812,Critics' Choice TV Award,2013
425,nm0267812,SLFCA Award,2009
426,nm0267812,EDA Award,2009
427,nm0267812,ICS Award,2010
428,nm0267812,Critics' Choice TV Award,2014
429,nm0267812,Fright Meter Award,2007
430,nm0267812,DFCS Award,2010
431,nm0267812,DFCC,2006
432,nm0267812,DFCS Award,2009
433,nm0267812,EDA Female Focus Award,2012
434,nm0267812,Fright Meter Award,2013
435,nm0267812,Fright Meter Award,2009
436,nm0267812,OFTA Film Award,2010
437,nm0267812,OFTA Television Award,2013
438,nm0267812,CinEuphoria,2010
439,nm0267812,Dorian Award,2014
440,nm0267812,IGN Award,2013
441,nm0267812,OFTA Television Award,2014
442,nm0267812,VVFP Award,2009
443,nm0267812,HFCS Award,2009
444,nm0267812,ACCA,2009
445,nm0267812,ACCA,2009
446,nm0267812,ACCA,2006
447,nm0267812,Gopos Award,2015
448,nm0267812,WIN Award,2014
449,nm0267812,WIN Award,2011
450,nm0267812,WIN Award,2013
451,nm0267812,Critics' Choice TV Award,2015
452,nm0267812,Golden Schmoes,2009
453,nm0267812,Golden Schmoes,2006
454,nm0267812,OFTA Television Award,2015
455,nm0267812,Gotham Independent Film Award,2011
456,nm0267812,ICP Award,2009
457,nm0267812,Gold Derby Award,2010
458,nm0267812,Chainsaw Award,2016
459,nm0267812,Gold Derby Award,2007
460,nm0267812,WIN Award,2015
461,nm0267812,IOMA,2010
462,nm0267812,Gracie,2016
463,nm0267812,Gold Derby TV Award,2014
464,nm0267812,Gold Derby TV Award,2013
465,nm0267812,Gold Derby Award,2010
466,nm0267812,Cinema Vanguard Award,2010
467,nm0267812,Gold Derby TV Award,2016
468,nm0267812,Fright Meter Award,2016
469,nm0267812,DFCS Award,2010
470,nm0267812,People's Choice Award,2017
471,nm0267812,Chainsaw Award,2017
472,nm0267812,Saturn Award,2017
473,nm0267812,WIN Award,2016
474,nm0267812,Saturn Award,2015
475,nm0267812,INOCA,2010
476,nm0267812,Gold Derby TV Award,2017
477,nm0267812,iHorror Award,2018
478,nm0267812,Primetime Emmy,2019
479,nm0267812,Gold Derby TV Award,2019
480,nm0267812,OFTA Television Award,2019
481,nm0267812,OFTA Television Award,2019
482,nm0267812,AAFCA Award,2019
483,nm6073955,Best British Newcomer,2014
484,nm6073955,ALFS Award,2016
485,nm6073955,Dublin Film Critics Award,2017
486,nm6073955,British Independent Film Award,2017
487,nm6073955,EE Rising Star Award,2018
488,nm6073955,European Film Award,2017
489,nm6073955,CFCA Award,2017
490,nm6073955,Evening Standard British Film Award,2017
491,nm6073955,ALFS Award,2018
492,nm6073955,ALFS Award,2018
493,nm6073955,EDA Female Focus Award,2018
494,nm6073955,Breakthrough Artist Award,2018
495,nm6073955,Empire Award,2018
496,nm6073955,Chopard Trophy,2019
497,nm6073955,OFTA Television Award,2019
498,nm6073955,BAFTA Scotland Award,2019
499,nm6073955,Gotham Independent Film Award,2019
500,nm6073955,Virtuoso Award,2020
501,nm6073955,Critics Choice Award,2020
502,nm6073955,SDFCS Award,2019
503,nm6073955,SDFCS Award,2019
504,nm6073955,DFCS Award,2019
505,nm6073955,TFCA Award,2019
506,nm6073955,SLFCA Award,2019
507,nm6073955,DFCS Award,2019
508,nm6073955,PFCC Award,2019
509,nm6073955,PFCC Award,2019
510,nm6073955,WAFCA Award,2019
511,nm6073955,OAFFC Award,2019
512,nm6073955,SEFCA Award,2019
513,nm6073955,AACTA International Award,2020
514,nm6073955,CFCA Award,2019
515,nm6073955,VFCC Award,2019
516,nm6073955,BOFCA Award,2019
517,nm6073955,BSFC Award,2019
518,nm6073955,Fright Meter Award,2019
519,nm6073955,DFWFCA Award,2019
520,nm6073955,HFCS Award,2020
521,nm6073955,ALFS Award,2020
522,nm6073955,ALFS Award,2020
523,nm6073955,ALFS Award,2020
524,nm6073955,DFCC,2019
525,nm6073955,DFCC,2017
526,nm6073955,FFCC Award,2019
527,nm6073955,Pauline Kael Breakout Award,2019
528,nm6073955,EDA Award,2020
529,nm6073955,EDA Female Focus Award,2020
530,nm6073955,EDA Special Mention Award,2020
531,nm6073955,UFCA Award,2019
532,nm6073955,OFCS Award,2020
533,nm6073955,OFCS Award,2020
534,nm6073955,MCFCA Award,2020
535,nm6073955,ICP Award,2019
536,nm6073955,NCFCA Award,2020
537,nm6073955,AFCA Award,2020
538,nm6073955,Dorian Award,2020
539,nm6073955,Breakthrough Award,2020
540,nm6073955,Dorian Award,2020
541,nm6073955,NSFC Award,2020
542,nm6073955,NSFC Award,2020
543,nm6073955,BAFTA Film Award,2020
544,nm6073955,DFCS Award,2020
545,nm6073955,Breakthrough Artist Award,2020
546,nm6073955,GAFCA Award,2020
547,nm6073955,Oscar,2020
548,nm6073955,Golden Schmoes,2019
549,nm6073955,Golden Schmoes,2019
550,nm6073955,Golden Schmoes,2019
551,nm6073955,OFTA Film Award,2020
552,nm6073955,OFTA Film Award,2020
553,nm6073955,OFTA Film Award,2020
554,nm6073955,Gold Derby Award,2020
555,nm6073955,Gold Derby Award,2020
556,nm6073955,Gold Derby Award,2020
557,nm6073955,Días de Cine Award,2018
558,nm6073955,GWNYFCA Award,2019
559,nm6073955,ACCA,2020
560,nm6073955,Chainsaw Award,2020
561,nm6073955,Gold Derby Award,2020
562,nm6073955,ICP Award,2019
563,nm6073955,NME Award,2020
564,nm6073955,CinEuphoria,2020
565,nm6073955,CinEuphoria,2020
566,nm6073955,Jury Award,2019
567,nm6073955,Jury Award,2019
568,nm6073955,Golden Carp Film Award - International,2020
569,nm6073955,Golden Carp Film Award - International,2020
570,nm6073955,IGN Award,2019
571,nm6073955,INOCA,2020
572,nm6073955,Prix d'interprétation Féminine,2017
573,nm6073955,Narrative Feature Competition - Special Jury Prize,2017
574,nm6073955,NDFS Award,2020
575,nm6073955,NDFS Award,2020
576,nm6073955,CIC Award,2020
577,nm6073955,CIC Award,2020
578,nm6073955,COFCA Award,2020
579,nm6073955,COFCA Award,2020
580,nm6073955,CinEuphoria,2021
581,nm6073955,CinEuphoria,2021
582,nm6073955,IFJA Award,2019
583,nm6073955,IFJA Award,2019
584,nm6073955,WFCC Award,2019
585,nm6073955,National Film Award,2018
586,nm6073955,NMFC Award,2019
587,nm6073955,Palmarés blogos de oro,2020
588,nm6073955,SFCS Award,2020
589,nm6073955,COFCA Award,2020
590,nm6073955,COFCA Award,2020
591,nm6073955,Odyssey Award,2019
592,nm6073955,Odyssey Award,2019
593,nm6073955,Odyssey Award,2019
594,nm6073955,Odyssey Award,2017
595,nm6073955,The BAM Award,2019
596,nm6073955,The BAM Award,2019
597,nm6073955,BFS Award,2020
598,nm6073955,BFS Award,2020
599,nm6073955,People's Choice Award,2021
600,nm1307435,Artemis,2015
601,nm1307435,Maverick Movie Award,2015
602,nm1307435,Holly,2016
603,nm0687146,Young Artist Award,2002
604,nm0687146,Young Artist Award,2007
605,nm0687146,Actor,2013
606,nm0687146,Best Supporting Actor,2012
607,nm0687146,Actor,2014
608,nm0687146,IGN Award,2013
609,nm0687146,Critics' Choice TV Award,2016
610,nm0687146,Gold Derby TV Award,2010
611,nm0687146,Gold Derby TV Award,2007
612,nm0687146,Primetime Emmy,2016
613,nm0687146,Gold Derby TV Award,2016
614,nm0687146,OFTA Television Award,2016
615,nm0687146,Independent Spirit Award,2017
616,nm0687146,Saturn Award,2018
617,nm0687146,Primetime Emmy,2018
618,nm0687146,Gold Derby TV Award,2018
619,nm0687146,Texas Film Hall of Fame,2016
620,nm0687146,OFTA Television Award,2018
621,nm0687146,DFCS Award,2018
622,nm0687146,SDFCS Award,2018
623,nm0687146,IGN Award,2018
624,nm0687146,Gold Derby TV Award,2019
625,nm0687146,Critics Choice Award,2020
626,nm0687146,Gold Derby Award,2020
627,nm0687146,Gold Derby TV Award,2020
628,nm0687146,Gold Derby TV Award,2009
629,nm0687146,Gotham Independent Film Award,2021
630,nm0687146,IFJA Award,2020
631,nm0687146,IFJA Award,2018
632,nm0687146,Odyssey Award,2020
633,nm0687146,Golden Carp Film Award - International,2021
634,nm0687146,WAFCA Award,2021
635,nm3480246,Best of Festival,2015
636,nm3480246,Grand Jury,2015
637,nm3480246,Festival Award,2015
638,nm3480246,Twister Award,2015
639,nm3480246,LAIFF June Award,2015
640,nm3480246,NIFF,2015
641,nm3480246,Best Actress,2015
642,nm3480246,Certificate of Excellence,2015
643,nm3480246,National Film Award,2018
644,nm0717709,ALFS Award,2006
645,nm0717709,Chopard Trophy,2005
646,nm0717709,César,2006
647,nm0717709,Empire Award,2006
648,nm0717709,British Independent Film Award,2005
649,nm0717709,British Independent Film Award,2008
650,nm0717709,NBR Award,2005
651,nm0717709,Spotlight Award,2012
652,nm0717709,EDA Special Mention Award,2013
653,nm0717709,Fright Meter Award,2008
654,nm0717709,Dagger,2008
655,nm0717709,HCA TV Award,2021
656,nm1940449,BAFTA TV Award,2008
657,nm1940449,RTS Television Award,2008
658,nm1940449,British Independent Film Award,2010
659,nm1940449,Satellite Award,2010
660,nm1940449,Hollywood Film Award,2010
661,nm1940449,Hollywood Breakthrough Award,2010
662,nm1940449,WAFCA Award,2010
663,nm1940449,WAFCA Award,2010
664,nm1940449,Golden Globe,2011
665,nm1940449,SDFCS Award,2010
666,nm1940449,Actor,2011
667,nm1940449,Critics Choice Award,2011
668,nm1940449,Sierra Award,2010
669,nm1940449,CFCA Award,2010
670,nm1940449,ALFS Award,2011
671,nm1940449,ALFS Award,2011
672,nm1940449,PFCS Award,2010
673,nm1940449,PFCS Award,2010
674,nm1940449,OFCS Award,2011
675,nm1940449,COFCA Award,2011
676,nm1940449,COFCA Award,2011
677,nm1940449,BAFTA Film Award,2011
678,nm1940449,Rising Star Award,2011
679,nm1940449,Saturn Award,2011
680,nm1940449,MTV Movie Award,2011
681,nm1940449,MTV Movie Award,2011
682,nm1940449,Ensemble Cast Award,2011
683,nm1940449,Broadcasting Press Guild Award,2008
684,nm1940449,Evening Standard British Film Award,2011
685,nm1940449,Teen Choice Award,2011
686,nm1940449,BSFC Award,2010
687,nm1940449,Teen Choice Award,2012
688,nm1940449,People's Choice Award,2013
689,nm1940449,Virtuoso Award,2011
690,nm1940449,Blimp Award,2013
691,nm1940449,Blimp Award,2013
692,nm1940449,People's Choice Award,2013
693,nm1940449,IFC Award,2011
694,nm1940449,Scream Award,2010
695,nm1940449,HFCS Award,2010
696,nm1940449,Young Hollywood Award,2014
697,nm1940449,Young Hollywood Award,2014
698,nm1940449,UFCA Award,2010
699,nm1940449,OFTA Film Award,2011
700,nm1940449,OFTA Film Award,2011
701,nm1940449,CinEuphoria,2010
702,nm1940449,VVFP Award,2010
703,nm1940449,Teen Choice Award,2014
704,nm1940449,Teen Choice Award,2014
705,nm1940449,Young Hollywood Award,2014
706,nm1940449,Golden Schmoes,2010
707,nm1940449,Golden Schmoes,2010
708,nm1940449,People's Choice Award,2015
709,nm1940449,ACCA,2010
710,nm1940449,Blimp Award,2015
711,nm1940449,IOMA,2011
712,nm1940449,MTV Movie Award,2015
713,nm1940449,Davis Award,2010
714,nm1940449,DFCS Award,2010
715,nm1940449,ICP Award,2010
716,nm1940449,Gold Derby Award,2011
717,nm1940449,Gold Derby Award,2011
718,nm1940449,Satellite Award,2017
719,nm1940449,Critics Choice Award,2016
720,nm1940449,Critics Choice Award,2016
721,nm1940449,WAFCA Award,2016
722,nm1940449,Golden Globe,2017
723,nm1940449,HFCS Award,2017
724,nm1940449,PCC Award,2016
725,nm1940449,PFCS Award,2016
726,nm1940449,DFCS Award,2016
727,nm1940449,WFCC Award,2015
728,nm1940449,ALFS Award,2017
729,nm1940449,ALFS Award,2017
730,nm1940449,VVFP Award,2016
731,nm1940449,AACTA International Award,2017
732,nm1940449,NTFCA Award,2016
733,nm1940449,AACTA Award,2016
734,nm1940449,Capri Actor Award,2016
735,nm1940449,BAFTA Film Award,2017
736,nm1940449,DFCS Award,2017
737,nm1940449,Actor,2017
738,nm1940449,GAFCA Award,2017
739,nm1940449,Oscar,2017
740,nm1940449,ACCA,2016
741,nm1940449,OFTA Film Award,2017
742,nm1940449,Dorian Award,2011
743,nm1940449,ICS Award,2017
744,nm1940449,Golden Schmoes,2016
745,nm1940449,AFCA Award,2017
746,nm1940449,INOCA,2011
747,nm1940449,Gold Derby Award,2017
748,nm1940449,IFTA Award,2017
749,nm1940449,Spotlight Award,2017
750,nm1940449,IGN Award,2016
751,nm1940449,IGN People's Choice Award,2016
752,nm1940449,Teen Choice Award,2017
753,nm1940449,FCCA Award,2017
754,nm1940449,HFCS Award,2017
755,nm1940449,DFCS Award,2010
756,nm1940449,Golden Carp Film Award - International,2019
757,nm1940449,Grace Award,2017
758,nm1940449,Halfway Award,2019
759,nm1940449,IFJA Award,2016
760,nm1940449,Satellite Award,2022
761,nm1940449,HCA Award,2022
762,nm1940449,Desert Palm Achievement Award,2022
763,nm1940449,DFCS Award,2021
764,nm1940449,WAFCA Award,2021
765,nm1940449,SFC Award,2021
766,nm3918035,Young Artist Award,2011
767,nm3918035,Image Award,2012
768,nm3918035,Young Artist Award,2012
769,nm3918035,Young Artist Award,2012
770,nm3918035,Image Award,2014
771,nm3918035,BET Award,2014
772,nm3918035,Teen Choice Award,2014
773,nm3918035,BET Award,2015
774,nm3918035,Teen Choice Award,2015
775,nm3918035,Blimp Award,2016
776,nm3918035,Young Artist Award,2013
777,nm3918035,Teen Choice Award,2016
778,nm3918035,Blimp Award,2017
779,nm3918035,Teen Choice Award,2017
780,nm3918035,Teen Choice Award,2017
781,nm3918035,Blimp Award,2018
782,nm3918035,Blimp Award,2018
783,nm3918035,Saturn Award,2018
784,nm3918035,Teen Choice Award,2018
785,nm3918035,Teen Choice Award,2018
786,nm3918035,Teen Choice Award,2018
787,nm3918035,EDA Female Focus Award,2019
788,nm3918035,Blimp Award,2019
789,nm3918035,Blimp Award,2019
790,nm3918035,Teen Choice Award,2019
791,nm3918035,Saturn Award,2019
792,nm3918035,People's Choice Award,2019
793,nm3918035,People's Choice Award,2019
794,nm3918035,Satellite Award,2019
795,nm3918035,Critics Choice Award,2020
796,nm3918035,Teen Choice Award,2017
797,nm3918035,Shorty Award,2020
798,nm3918035,Blimp Award,2020
799,nm3918035,IGN Award,2019
800,nm3918035,BET Award,2020
801,nm3918035,Black Reel,2020
802,nm3918035,Primetime Emmy,2020
803,nm3918035,Gold Derby TV Award,2020
804,nm3918035,OFTA Television Award,2020
805,nm3918035,Satellite Award,2021
806,nm3918035,Critics Choice Award,2021
807,nm3918035,HCA Award,2021
808,nm3918035,Black Reel,2021
809,nm3918035,Black Reel,2021
810,nm3918035,National Film and Television Award,2019
811,nm3918035,SeeHer Award,2021
812,nm3918035,MTV Movie + TV Award,2021
813,nm3918035,INOCA TV,2020
814,nm3918035,HCA TV Award,2021
815,nm3918035,Teen Choice Award,2018
816,nm4855517,Best Ensemble Cast,2015
817,nm4855517,Canadian Screen Award,2017
818,nm4855517,ACTRA Toronto Award,2017
819,nm4855517,ACTRA Toronto Award,2019
820,nm4855517,People's Choice Award,2021
821,nm0158626,WAFCA Award,2009
822,nm0158626,MTV Movie Award,2005
823,nm0158626,MTV Movie Award,2005
824,nm0158626,Teen Choice Award,2005
825,nm0158626,BSFC Award,2009
826,nm0158626,Gold Derby Award,2010
827,nm0158626,DFCS Award,2010
828,nm0158626,Independent Spirit Award,2019
829,nm0158626,Acting Achievement Award,2018
830,nm0158626,American Film Award,2019
831,nm0158626,IFJA Award,2018
832,nm0005351,MTV Movie Award,2010
833,nm0005351,MTV Movie Award,2010
834,nm0005351,MTV Movie Award,2010
835,nm0005351,Young Hollywood Award,2003
836,nm0005351,Teen Choice Award,2005
837,nm0005351,Teen Choice Award,2009
838,nm0005351,MTV Movie Award,2003
839,nm0005351,Young Artist Award,1993
840,nm0005351,People's Choice Award,2010
841,nm0005351,People's Choice Award,2010
842,nm0005351,People's Choice Award,2010
843,nm0005351,People's Choice Award,2010
844,nm0005351,Teen Choice Award,2010
845,nm0005351,Teen Choice Award,2010
846,nm0005351,Saturn Award,2011
847,nm0005351,MTV Movie Award,2011
848,nm0005351,Goya,2011
849,nm0005351,Teen Choice Award,2011
850,nm0005351,Teen Choice Award,2010
851,nm0005351,Gaudí Award,2011
852,nm0005351,People's Choice Award,2012
853,nm0005351,People's Choice Award,2012
854,nm0005351,People's Choice Award,2012
855,nm0005351,People's Choice Award,2012
856,nm0005351,Chainsaw Award,2011
857,nm0005351,Scream Award,2011
858,nm0005351,CinemaCon Award,2011
859,nm0005351,IGN Award,2010
860,nm0005351,Scream Award,2009
861,nm0005351,Canadian Screen Award,2015
862,nm0005351,BTVA Feature Film Voice Acting Award,2014
863,nm0005351,Gotham Independent Film Award,2009
864,nm0005351,Jupiter Award,2016
865,nm0005351,Fright Meter Award,2015
866,nm0005351,MTV Movie Award,2016
867,nm0005351,MTV Movie Award,2016
868,nm0005351,MTV Movie Award,2016
869,nm0005351,MTV Movie Award,2016
870,nm0005351,MTV Movie Award,2016
871,nm0005351,Teen Choice Award,2016
872,nm0005351,Teen Choice Award,2016
873,nm0005351,People's Choice Award,2017
874,nm0005351,People's Choice Award,2017
875,nm0005351,Critics Choice Award,2016
876,nm0005351,Critics Choice Award,2016
877,nm0005351,Golden Globe,2017
878,nm0005351,SDFCS Award,2016
879,nm0005351,Star on the Walk of Fame,2016
880,nm0005351,Jupiter Award,2017
881,nm0005351,PGA Award,2017
882,nm0005351,iHorror Award,2016
883,nm0005351,Empire Award,2017
884,nm0005351,Golden Schmoes,2016
885,nm0005351,Golden Schmoes,2016
886,nm0005351,Saturn Award,2017
887,nm0005351,Halfway Award,2016
888,nm0005351,Man of the Year,2017
889,nm0005351,Streamy Award,2017
890,nm0005351,Teen Choice Award,2018
891,nm0005351,Critics Choice Award,2019
892,nm0005351,SDFCS Award,2018
893,nm0005351,Golden Schmoes,2018
894,nm0005351,Grammy,2019
895,nm0005351,People's Choice Award,2018
896,nm0005351,Teen Choice Award,2019
897,nm0005351,Aurora Award,2019
898,nm0005351,People's Choice Award,2019
899,nm0005351,Dragon Award,2018
900,nm0005351,HCA Award,2020
901,nm0005351,DFCC,2010
902,nm0005351,Scream Award,2009
903,nm0005351,Kids' Choice Award,2021
904,nm0005351,Teen Choice Award,2018
905,nm0005351,People's Choice Award,2021
906,nm3154303,Actor,2013
907,nm3154303,Young Entertainer Award,2016
908,nm3154303,Variety 10 Actors to Watch,2017
909,nm3154303,Gotham Independent Film Award,2017
910,nm3154303,Critics Choice Award,2018
911,nm3154303,Golden Globe,2018
912,nm3154303,Hollywood Breakthrough Award,2017
913,nm3154303,BAFTA Film Award,2018
914,nm3154303,Oscar,2018
915,nm3154303,Independent Spirit Award,2018
916,nm3154303,NBR Award,2017
917,nm3154303,NYFCC Award,2017
918,nm3154303,Rising Star Award - Actor,2018
919,nm3154303,LAFCA Award,2017
920,nm3154303,DFCS Award,2017
921,nm3154303,WAFCA Award,2017
922,nm3154303,BOFCA Award,2017
923,nm3154303,BSFC Award,2017
924,nm3154303,SFFCC Award,2017
925,nm3154303,TFCA Award,2017
926,nm3154303,NYFCO Award,2017
927,nm3154303,PCC Award,2017
928,nm3154303,SDFCS Award,2017
929,nm3154303,SDFCS Award,2017
930,nm3154303,Actor,2018
931,nm3154303,Actor,2018
932,nm3154303,CFCA Award,2017
933,nm3154303,CFCA Award,2017
934,nm3154303,HFCS Award,2018
935,nm3154303,WFCC Award,2017
936,nm3154303,KCFCC Award,2017
937,nm3154303,OFCS Award,2017
938,nm3154303,OFCS Award,2017
939,nm3154303,IFJA Award,2017
940,nm3154303,VFCC Award,2017
941,nm3154303,PFCS Award,2017
942,nm3154303,DFWFCA Award,2017
943,nm3154303,ALFS Award,2018
944,nm3154303,ICP Award,2017
945,nm3154303,FFCC Award,2017
946,nm3154303,AACTA International Award,2018
947,nm3154303,NCFCA Award,2018
948,nm3154303,EE Rising Star Award,2018
949,nm3154303,NSFC Award,2018
950,nm3154303,IFC Award,2018
951,nm3154303,Pauline Kael Breakout Award,2017
952,nm3154303,Dorian Award,2018
953,nm3154303,Dorian Award,2018
954,nm3154303,DFCS Award,2018
955,nm3154303,DFCS Award,2017
956,nm3154303,ACCA,2017
957,nm3154303,ACCA,2017
958,nm3154303,Chlotrudis Award,2018
959,nm3154303,ICS Award,2018
960,nm3154303,AFCA Award,2018
961,nm3154303,Breakthrough Artist Award,2018
962,nm3154303,OFTA Film Award,2018
963,nm3154303,OFTA Film Award,2018
964,nm3154303,INOCA,2018
965,nm3154303,Gold Derby Award,2018
966,nm3154303,Gold Derby Award,2018
967,nm3154303,Gold Derby Award,2018
968,nm3154303,Gold Derby Award,2018
969,nm3154303,VVFP Award,2017
970,nm3154303,ACCA,2017
971,nm3154303,OFTA Film Award,2018
972,nm3154303,GAFCA Award,2018
973,nm3154303,Breakthrough Award,2018
974,nm3154303,Empire Award,2018
975,nm3154303,Golden Schmoes,2017
976,nm3154303,MTV Movie + TV Award,2018
977,nm3154303,CIFCC Award,2017
978,nm3154303,IFTA Award,2018
979,nm3154303,Hollywood Film Award,2018
980,nm3154303,WAFCA Award,2018
981,nm3154303,Golden Globe,2019
982,nm3154303,AFCC Award,2017
983,nm3154303,CFCA Award,2018
984,nm3154303,Critics Choice Award,2019
985,nm3154303,SDFCS Award,2018
986,nm3154303,Actor,2019
987,nm3154303,AACTA International Award,2019
988,nm3154303,Satellite Award,2019
989,nm3154303,LAOFCS Award,2018
990,nm3154303,LAOFCS Award,2017
991,nm3154303,LAOFCS Award,2017
992,nm3154303,SLFCA Award,2018
993,nm3154303,HFCS Award,2019
994,nm3154303,KCFCC Award,2018
995,nm3154303,DFWFCA Award,2018
996,nm3154303,NTFCA Award,2018
997,nm3154303,EDA Award,2018
998,nm3154303,Dorian Award,2019
999,nm3154303,Spotlight Award,2019
1000,nm3154303,BAFTA Film Award,2019
1001,nm3154303,GAFCA Award,2019
1002,nm3154303,LEJA Award,2019
1003,nm3154303,ACCA,2019
1004,nm3154303,OFTA Film Award,2019
1005,nm3154303,CinEuphoria,2019
1006,nm3154303,CinEuphoria,2019
1007,nm3154303,Gold Derby Award,2019
1008,nm3154303,AACTA Award,2019
1009,nm3154303,Golden Carp Film Award - International,2018
1010,nm3154303,OAFFC Award,2018
1011,nm3154303,DFCC,2017
1012,nm3154303,ICP Award,2019
1013,nm3154303,OFTA Film Award,2020
1014,nm3154303,Gold Derby Award,2020
1015,nm3154303,Gold Derby Award,2020
1016,nm3154303,Gold Derby Award,2020
1017,nm3154303,CinEuphoria,2020
1018,nm3154303,CinEuphoria,2020
1019,nm3154303,Golden Carp Film Award - International,2020
1020,nm3154303,Yoga Award,2020
1021,nm3154303,INOCA,2020
1022,nm3154303,Golden Carp Film Award - International,2018
1023,nm3154303,Teen Choice Award,2018
1024,nm3154303,COFCA Award,2018
1025,nm3154303,COFCA Award,2018
1026,nm3154303,COFCA Award,2018
1027,nm3154303,COFCA Award,2019
1028,nm3154303,CinEuphoria,2021
1029,nm3154303,IFJA Award,2019
1030,nm3154303,CinEuphoria,2020
1031,nm3154303,IFJA Award,2018
1032,nm4413036,Jury Prize,2018
1033,nm5377144,Halekulani Maverick Award,2018
1034,nm5377144,SDFCS Award,2018
1035,nm5377144,Actor,2019
1036,nm5377144,Dorian Award,2019
1037,nm5377144,OFTA Film Award,2019
1038,nm5377144,Gold Derby Award,2019
1039,nm5377144,Gold Derby Award,2019
1040,nm5377144,MTV Movie + TV Award,2019
1041,nm5377144,MTV Movie + TV Award,2019
1042,nm5377144,Teen Choice Award,2019
1043,nm5377144,People's Choice Award,2019
1044,nm5377144,Gotham Independent Film Award,2019
1045,nm5377144,Virtuoso Award,2020
1046,nm5377144,HCA Award,2020
1047,nm5377144,Satellite Award,2019
1048,nm5377144,Critics Choice Award,2020
1049,nm5377144,Golden Globe,2020
1050,nm5377144,SDFCS Award,2019
1051,nm5377144,WAFCA Award,2019
1052,nm5377144,PCC Award,2019
1053,nm5377144,OAFFC Award,2019
1054,nm5377144,CFCA Award,2019
1055,nm5377144,AACTA International Award,2020
1056,nm5377144,DFWFCA Award,2019
1057,nm5377144,HFCS Award,2020
1058,nm5377144,NTFCA Award,2019
1059,nm5377144,EDA Female Focus Award,2020
1060,nm5377144,EDA Award,2020
1061,nm5377144,DFCC,2019
1062,nm5377144,OFCS Award,2020
1063,nm5377144,MCFCA Award,2020
1064,nm5377144,NCFCA Award,2020
1065,nm5377144,IFJA Award,2019
1066,nm5377144,AFCA Award,2020
1067,nm5377144,Breakthrough Artist Award,2020
1068,nm5377144,Dorian Award,2020
1069,nm5377144,LEJA Award,2020
1070,nm5377144,EE Rising Star Award,2020
1071,nm5377144,HFCS Award,2020
1072,nm5377144,DFCS Award,2020
1073,nm5377144,Golden Schmoes,2019
1074,nm5377144,Golden Schmoes,2019
1075,nm5377144,OFTA Film Award,2020
1076,nm5377144,OFTA Film Award,2020
1077,nm5377144,Gold Derby Award,2020
1078,nm5377144,GWNYFCA Award,2019
1079,nm5377144,ACCA,2020
1080,nm5377144,Golden Carp Film Award - Chinese,2020
1081,nm5377144,Golden Carp Film Award - Chinese,2020
1082,nm5377144,ICP Award,2019
1083,nm5377144,Jury Award,2019
1084,nm5377144,Gold Derby TV Award,2020
1085,nm5377144,NDFS Award,2020
1086,nm5377144,CIC Award,2020
1087,nm5377144,COFCA Award,2020
1088,nm5377144,CinEuphoria,2021
1089,nm5377144,CinEuphoria,2021
1090,nm5377144,SFBAFCC Award,2019
1091,nm5377144,SFCS Award,2020
1092,nm5377144,GAFCA Award,2020
1093,nm5377144,Breakthrough Award,2020
1094,nm5377144,Odyssey Award,2019
1095,nm5377144,Odyssey Award,2019
1096,nm5377144,NBR Award,2018
1097,nm5377144,Honoree,2017
1098,nm5377144,The BAM Award,2019
1099,nm5377144,BFS Award,2020
1100,nm5377144,WAFCA Award,2021
1101,nm5377144,People's Choice Award,2021
1102,nm0272581,Golden Globe,2014
1103,nm0272581,Breakthrough Performer,2015
1104,nm0272581,Critics Choice Award,2016
1105,nm0272581,Rising Star Award,2011
1106,nm0272581,Golden Schmoes,2015
1107,nm0272581,Empire Award,2016
1108,nm0272581,OFTA Film Award,2016
1109,nm0272581,Slate Award,2016
1110,nm0272581,Golden Statuette,2016
1111,nm0272581,Genre Award,2016
1112,nm0272581,EDA Special Mention Award,2019
1113,nm0272581,Fright Meter Award,2019
1114,nm0272581,MTV Europe Music Award,2012
1115,nm0272581,UFCA Award,2019
1116,nm0272581,Chainsaw Award,2020
1117,nm0272581,IGN Award,2019
1118,nm0272581,WFCC Award,2019
1119,nm0272581,Palmarés blogos de oro,2020
1120,nm0272581,SFCS Award,2020
1121,nm0272581,Saturn Award,2021
1122,nm0272581,Odyssey Award,2019
1123,nm0272581,SFC Award,2021
1124,nm2244205,César,2009
1125,nm2244205,César,2011
1126,nm2244205,PFCS Award,2011
1127,nm2244205,Chopard Trophy,2009
1128,nm2244205,Best Actress,2012
1129,nm2244205,César,2013
1130,nm2244205,Palme d'Or,2013
1131,nm2244205,Breakthrough Performer,2013
1132,nm2244205,Satellite Award,2014
1133,nm2244205,SFFCC Award,2013
1134,nm2244205,CFCA Award,2013
1135,nm2244205,Lumiere Award,2014
1136,nm2244205,EE Rising Star Award,2014
1137,nm2244205,NSFC Award,2014
1138,nm2244205,César,2014
1139,nm2244205,ICS Award,2014
1140,nm2244205,SLFCA Award,2013
1141,nm2244205,CinEuphoria,2014
1142,nm2244205,CinEuphoria,2014
1143,nm2244205,CinEuphoria,2014
1144,nm2244205,EDA Special Mention Award,2012
1145,nm2244205,EDA Special Mention Award,2013
1146,nm2244205,OFTA Film Award,2014
1147,nm2244205,OFTA Film Award,2014
1148,nm2244205,VVFP Award,2013
1149,nm2244205,Actor,2015
1150,nm2244205,WAFCA Award,2014
1151,nm2244205,SDFCS Award,2014
1152,nm2244205,FFCC Award,2014
1153,nm2244205,GAFCA Award,2015
1154,nm2244205,COFCA Award,2015
1155,nm2244205,DFCS Award,2014
1156,nm2244205,INOCA,2014
1157,nm2244205,IOMA,2014
1158,nm2244205,SEFCA Award,2014
1159,nm2244205,ICP Award,2013
1160,nm2244205,OFCS Award,2013
1161,nm2244205,EDA Special Mention Award,2016
1162,nm2244205,PFCS Award,2014
1163,nm2244205,Gold Derby Award,2015
1164,nm2244205,Golden Bayard,2008
1165,nm2244205,Prix Romy Schneider,2014
1166,nm2244205,Prix Romy Schneider,2011
1167,nm2244205,Lumiere Award,2009
1168,nm2244205,Teen Choice Award,2016
1169,nm2244205,Jury Prize,2017
1170,nm2244205,Huading Award,2016
1171,nm2244205,Gold Derby Award,2020
1172,nm2244205,Golden Carp Film Award - International,2020
1173,nm2244205,BAFTA Games Award,2020
1174,nm0000631,Bodil,1992
1175,nm0000631,ALFS Award,1992
1176,nm0000631,ALFS Award,2001
1177,nm0000631,Sierra Award,2000
1178,nm0000631,Best First Work,1977
1179,nm0000631,Palme d'Or,1977
1180,nm0000631,Oscar,1992
1181,nm0000631,Oscar,2001
1182,nm0000631,Oscar,2002
1183,nm0000631,Golden Globe,2001
1184,nm0000631,Golden Globe,2008
1185,nm0000631,Screen International Award,2000
1186,nm0000631,PGA Award,2003
1187,nm0000631,DGA Award,1992
1188,nm0000631,DGA Award,2001
1189,nm0000631,DGA Award,2002
1190,nm0000631,BAFTA Film Award,1992
1191,nm0000631,BAFTA Film Award,1992
1192,nm0000631,Michael Balcon Award,1995
1193,nm0000631,David Lean Award for Direction,2001
1194,nm0000631,BAFTA Film Award,2008
1195,nm0000631,César,1992
1196,nm0000631,David,1978
1197,nm0000631,Primetime Emmy,2009
1198,nm0000631,Primetime Emmy,2002
1199,nm0000631,Primetime Emmy,2000
1200,nm0000631,Primetime Emmy,2008
1201,nm0000631,Director's Achievement Award,2001
1202,nm0000631,Saturn Award,1980
1203,nm0000631,Saturn Award,1983
1204,nm0000631,Saturn Award,2001
1205,nm0000631,George Pal Memorial Award,2004
1206,nm0000631,Film Excellence Award,2003
1207,nm0000631,Empire Award,2001
1208,nm0000631,International Fantasy Film Award,1983
1209,nm0000631,International Fantasy Film Award,1988
1210,nm0000631,International Fantasy Film Award,1993
1211,nm0000631,Golden Satellite Award,2001
1212,nm0000631,Video Premiere Award,2001
1213,nm0000631,DVD Premiere Award,2003
1214,nm0000631,DVDX Award,2003
1215,nm0000631,AFI Award,2002
1216,nm0000631,Golden Spike,1991
1217,nm0000631,Primetime Emmy,2010
1218,nm0000631,David,1992
1219,nm0000631,Silver Ribbon,1983
1220,nm0000631,Primetime Emmy,2011
1221,nm0000631,Hugo,1983
1222,nm0000631,CFCA Award,1992
1223,nm0000631,Silver Ribbon,1992
1224,nm0000631,Hugo,1980
1225,nm0000631,DFWFCA Award,2001
1226,nm0000631,PGA Award,2012
1227,nm0000631,PGA Award,2011
1228,nm0000631,Primetime Emmy,2011
1229,nm0000631,Primetime Emmy,2011
1230,nm0000631,Golden Lion,1985
1231,nm0000631,BFI Fellowship,2009
1232,nm0000631,PGA Award,2014
1233,nm0000631,Critics Choice Award,2001
1234,nm0000631,CinEuphoria,2014
1235,nm0000631,EDA Special Mention Award,2013
1236,nm0000631,OFTA Film Award,2001
1237,nm0000631,OFTA Film Award,2008
1238,nm0000631,Jupiter Award,2000
1239,nm0000631,Jupiter Award,2001
1240,nm0000631,Primetime Emmy,2014
1241,nm0000631,ACCA,2000
1242,nm0000631,ACCA,2007
1243,nm0000631,Primetime Emmy,2015
1244,nm0000631,Hollywood Film Award,2015
1245,nm0000631,Hollywood Film Award,2015
1246,nm0000631,Star on the Walk of Fame,2015
1247,nm0000631,NBR Award,2015
1248,nm0000631,Satellite Award,2016
1249,nm0000631,WAFCA Award,2015
1250,nm0000631,OFCS Award,2015
1251,nm0000631,Golden Globe,2016
1252,nm0000631,Critics Choice Award,2016
1253,nm0000631,PFCS Award,2015
1254,nm0000631,ALFS Award,2016
1255,nm0000631,SLFCA Award,2015
1256,nm0000631,HFCS Award,2016
1257,nm0000631,FFCC Award,2015
1258,nm0000631,UFCA Award,2015
1259,nm0000631,Board of the Governors Award,2016
1260,nm0000631,NCFCA Award,2016
1261,nm0000631,PCC Award,2015
1262,nm0000631,COFCA Award,2016
1263,nm0000631,Seattle Film Critics Award,2016
1264,nm0000631,David Lean Award for Direction,2016
1265,nm0000631,GAFCA Award,2016
1266,nm0000631,Oscar,2016
1267,nm0000631,Lifetime Achievement Award,2016
1268,nm0000631,DGA Award,2016
1269,nm0000631,PGA Award,2016
1270,nm0000631,NTFCA Award,2016
1271,nm0000631,NTFCA Award,2016
1272,nm0000631,DFCS Award,2016
1273,nm0000631,Golden Schmoes,2015
1274,nm0000631,ACCA,2015
1275,nm0000631,Best Foreign Film Award,1992
1276,nm0000631,Movies for Grownups Award,2016
1277,nm0000631,Rondo Statuette,2015
1278,nm0000631,Empire Award,2016
1279,nm0000631,OFTA Film Award,2016
1280,nm0000631,OFTA Film Award,2016
1281,nm0000631,Saturn Award,2016
1282,nm0000631,Movies for Grownups Award,2004
1283,nm0000631,Gold Derby Award,2016
1284,nm0000631,Hugo,2016
1285,nm0000631,Gold Derby Award,2016
1286,nm0000631,Yoga Award,1998
1287,nm0000631,ACCA,2015
1288,nm0000631,Yoga Award,2014
1289,nm0000631,Black Reel,2016
1290,nm0000631,AACTA International Award,2016
1291,nm0000631,Best of Show,2015
1292,nm0000631,Gemini,2011
1293,nm0000631,Lifetime Achievement Award,2017
1294,nm0000631,Readers' Choice Award,2017
1295,nm0000631,Rondo Statuette,2012
1296,nm0000631,AusFilm International Award,2016
1297,nm0000631,Golden Globe,2018
1298,nm0000631,Felix,2012
1299,nm0000631,Yoga Award,1990
1300,nm0000631,Movies for Grownups Award,2018
1301,nm0000631,Academy Fellowship,2018
1302,nm0000631,ACCA,1991
1303,nm0000631,ACCA,1991
1304,nm0000631,Silver Lion,2016
1305,nm0000631,Jules Verne Légendaire Award,2007
1306,nm0000631,Grand Remi Award,1984
1307,nm0000631,Silver Clio,2017
1308,nm0000631,Rosa de Sant Jordi Audience Award,2008
1309,nm0000631,EDA Award,2016
1310,nm0000631,Huading Award,2016
1311,nm0000631,Dragon Award,2016
1312,nm0000631,Golden Moon Award,2000
1313,nm0000631,Golden Train Award,1991
1314,nm0000631,DGA Award,2020
1315,nm0000631,Golden Seashell,1979
1316,nm0000631,Bradbury Award,2016
1317,nm0000631,OFTA Film Hall of Fame,2021
1318,nm0000631,Cartier Glory to the Filmmaker Award,2021
1319,nm0000631,Audience Award,1991
1320,nm0000631,Golden Frog,2021
1321,nm0000601,Commitment to Chicago Award,1997
1322,nm0000601,ALFS Award,1994
1323,nm0000601,Contribution to Film,2007
1324,nm0000601,WGA Award (Screen),1979
1325,nm0000601,BAFTA Film Award,1994
1326,nm0000601,Saturn Award,1994
1327,nm0000601,Saturn Award,1994
1328,nm0000601,Earle Grey Award,1995
1329,nm0000601,Screenwriting Hall of Fame,2001
1330,nm0000601,Chicago Award,2000
1331,nm0000601,Interactive Achievement Award,2010
1332,nm0000601,Hugo,1994
1333,nm0000601,Hugo,1985
1334,nm0000601,NYFCC Award,1993
1335,nm0000601,Laurel Award for Screen Writing Achievement,2015
1336,nm0000601,ACCA,1993
1337,nm0000601,Felix,2014
1338,nm0000601,Felix,2014
1339,nm0000601,ACCA,1993
1340,nm0480869,Action on Film Award,2011
1341,nm0480869,Maverick Movie Award,2009
1342,nm0425005,Razzie Award,2006
1343,nm0425005,MTV Movie Award,2009
1344,nm0425005,People's Choice Award,2006
1345,nm0425005,Blimp Award,2003
1346,nm0425005,Blimp Award,2008
1347,nm0425005,Teen Choice Award,2001
1348,nm0425005,Teen Choice Award,2002
1349,nm0425005,Teen Choice Award,2004
1350,nm0425005,Teen Choice Award,2005
1351,nm0425005,MTV Movie Award,2004
1352,nm0425005,People's Choice Award,2008
1353,nm0425005,Teen Choice Award,2011
1354,nm0425005,Blimp Award,2011
1355,nm0425005,Chainsaw Award,2006
1356,nm0425005,Blimp Award,2013
1357,nm0425005,Teen Choice Award,2013
1358,nm0425005,Teen Choice Award,2013
1359,nm0425005,Teen Choice Award,2013
1360,nm0425005,Hollywood Award,2014
1361,nm0425005,Hollywood Award,2014
1362,nm0425005,Blimp Award,2014
1363,nm0425005,CinemaCon Award,2012
1364,nm0425005,Teen Choice Award,2014
1365,nm0425005,VVFP Award,2013
1366,nm0425005,Teen Choice Award,2015
1367,nm0425005,Teen Choice Award,2015
1368,nm0425005,Image Award,2016
1369,nm0425005,Entertainer of the Year Award,2014
1370,nm0425005,MTV Movie Award,2016
1371,nm0425005,MTV Movie Award,2016
1372,nm0425005,Stinker Award,2001
1373,nm0425005,Teen Choice Award,2016
1374,nm0425005,People's Choice Award,2016
1375,nm0425005,People's Choice Award,2017
1376,nm0425005,Critics Choice Award,2016
1377,nm0425005,Image Award,2017
1378,nm0425005,Image Award,2017
1379,nm0425005,Black Reel,2017
1380,nm0425005,People's Choice Award,2017
1381,nm0425005,Blimp Award,2017
1382,nm0425005,Blimp Award,2017
1383,nm0425005,Blimp Award,2017
1384,nm0425005,Entertainer of the Year Award,2017
1385,nm0425005,Teen Choice Award,2017
1386,nm0425005,Teen Choice Award,2017
1387,nm0425005,Teen Choice Award,2017
1388,nm0425005,BTVA People's Choice Voice Acting Award,2017
1389,nm0425005,BTVA Feature Film Voice Acting Award,2017
1390,nm0425005,BTVA Feature Film Voice Acting Award,2017
1391,nm0425005,Streamy Award,2017
1392,nm0425005,Black Reel,2017
1393,nm0425005,Black Reel,2017
1394,nm0425005,Image Award,2018
1395,nm0425005,Black Reel,2017
1396,nm0425005,HFCS Award,2017
1397,nm0425005,Star on the Walk of Fame,2017
1398,nm0425005,Blimp Award,2018
1399,nm0425005,Golden Schmoes,2017
1400,nm0425005,MTV Movie + TV Award,2018
1401,nm0425005,People's Choice Award,2016
1402,nm0425005,Black Reel,2018
1403,nm0425005,Teen Choice Award,2018
1404,nm0425005,Teen Choice Award,2018
1405,nm0425005,Legacy Award,2018
1406,nm0425005,Image Award,2019
1407,nm0425005,Blimp Award,2019
1408,nm0425005,Blimp Award,2019
1409,nm0425005,People's Choice Award,2019
1410,nm0425005,People's Choice Award,2019
1411,nm0425005,People's Choice Award,2019
1412,nm0425005,IDA Award,2019
1413,nm0425005,Blimp Award,2020
1414,nm0425005,Image Award,2020
1415,nm0425005,Black Reel,2020
1416,nm0425005,Scream Award,2008
1417,nm0425005,People's Choice Award,2016
1418,nm0425005,Black Reel,2020
1419,nm0425005,National Film and Television Award,2019
1420,nm0425005,Trailblazer Award,2021
1421,nm0425005,Webby Award,2021
1422,nm0425005,HCA TV Award,2021
1423,nm0425005,Teen Choice Award,2018
1424,nm0425005,People's Choice Award,2021
1425,nm0425005,People's Choice Award,2021
1426,nm0425005,People's Choice Award,2021
1427,nm0425005,People's Choice Award,2021
1428,nm5057169,Golden Space Needle Award,2018
1429,nm5057169,Gotham Independent Film Award,2018
1430,nm5057169,Independent Spirit Award,2019
1431,nm5057169,NBR Award,2018
1432,nm5057169,WAFCA Award,2018
1433,nm5057169,DFCS Award,2018
1434,nm5057169,CFCA Award,2018
1435,nm5057169,Critics Choice Award,2019
1436,nm5057169,SDFCS Award,2018
1437,nm5057169,SDFCS Award,2018
1438,nm5057169,Virtuoso Award,2019
1439,nm5057169,SFFCC Award,2018
1440,nm5057169,LAOFCS Award,2018
1441,nm5057169,KCFCC Award,2018
1442,nm5057169,EDA Award,2019
1443,nm5057169,EDA Female Focus Award,2019
1444,nm5057169,ICP Award,2018
1445,nm5057169,DFCC,2018
1446,nm5057169,Pauline Kael Breakout Award,2018
1447,nm5057169,OFCS Award,2019
1448,nm5057169,DFCS Award,2019
1449,nm5057169,GAFCA Award,2019
1450,nm5057169,Breakthrough Award,2019
1451,nm5057169,MCFCA Award,2019
1452,nm5057169,OFTA Film Award,2019
1453,nm5057169,OFTA Film Award,2019
1454,nm5057169,Chlotrudis Award,2019
1455,nm5057169,Critics Choice Award,2020
1456,nm5057169,SDFCS Award,2019
1457,nm5057169,WFCC Award,2018
1458,nm5057169,Actor,2020
1459,nm5057169,PFCC Award,2019
1460,nm5057169,WAFCA Award,2019
1461,nm5057169,Golden Carp Film Award - International,2019
1462,nm5057169,Golden Carp Film Award - International,2019
1463,nm5057169,HCA Award,2020
1464,nm5057169,PCC Award,2019
1465,nm5057169,OAFFC Award,2018
1466,nm5057169,OAFFC Award,2018
1467,nm5057169,MCFCA Award,2020
1468,nm5057169,WIN Award,2020
1469,nm5057169,HCA Award,2020
1470,nm5057169,GWNYFCA Award,2018
1471,nm5057169,Golden Carp Film Award - International,2020
1472,nm5057169,Young Entertainer Award,2020
1473,nm5057169,Young Artist Award,2020
1474,nm5057169,COFCA Award,2019
1475,nm5057169,CinEuphoria,2021
1476,nm5057169,CinEuphoria,2021
1477,nm5057169,CinEuphoria,2021
1478,nm5057169,IFJA Award,2019
1479,nm5057169,SFCS Award,2020
1480,nm5057169,SFCS Award,2019
1481,nm5057169,CinEuphoria,2020
1482,nm5057169,IFJA Award,2018
1483,nm5057169,IFJA Award,2018
1484,nm5057169,National Film and Television Award,2019
1485,nm5057169,Odyssey Award,2018
1486,nm0198366,MTV Movie Award,2005
1487,nm0198366,Silver Goddess,2015
1488,nm0198366,Actor,2021
1489,nm0198366,Saturn Award,2021
1490,nm0424060,PFCS Award,2004
1491,nm0424060,PFCS Award,2004
1492,nm0424060,PFCS Award,2004
1493,nm0424060,CFCA Award,1999
1494,nm0424060,CFCA Award,2004
1495,nm0424060,CFCA Award,2006
1496,nm0424060,ALFS Award,2004
1497,nm0424060,BSFC Award,2003
1498,nm0424060,Critics Choice Award,2004
1499,nm0424060,OFCS Award,2002
1500,nm0424060,OFCS Award,2004
1501,nm0424060,TFCA Award,2001
1502,nm0424060,Golden Globe,2005
1503,nm0424060,Golden Globe,2006
1504,nm0424060,Golden Globe,2004
1505,nm0424060,Golden Globe,2004
1506,nm0424060,BAFTA Film Award,2004
1507,nm0424060,BAFTA Film Award,2004
1508,nm0424060,Audience Award,2004
1509,nm0424060,Upstream Prize,2003
1510,nm0424060,Golden Satellite Award,2004
1511,nm0424060,Young Artist Award,1999
1512,nm0424060,Independent Spirit Award,1997
1513,nm0424060,YoungStar Award,1998
1514,nm0424060,Chlotrudis Award,2002
1515,nm0424060,Gertrudis Award,2002
1516,nm0424060,Chlotrudis Award,2004
1517,nm0424060,Hollywood Breakthrough Award,2003
1518,nm0424060,Teen Choice Award,2004
1519,nm0424060,Teen Choice Award,2005
1520,nm0424060,Teen Choice Award,2007
1521,nm0424060,Teen Choice Award,2008
1522,nm0424060,Woman of the Year,2007
1523,nm0424060,People's Choice Award,2007
1524,nm0424060,British Independent Film Award,2004
1525,nm0424060,MTV Movie Award,2004
1526,nm0424060,Young Artist Award,2002
1527,nm0424060,Young Artist Award,2002
1528,nm0424060,Sant Jordi,2005
1529,nm0424060,Blockbuster Entertainment Award,1999
1530,nm0424060,Saturn Award,2011
1531,nm0424060,Teen Choice Award,2010
1532,nm0424060,New Generation Award,2004
1533,nm0424060,NYFCC Award,2001
1534,nm0424060,Rising Star Award,2004
1535,nm0424060,DFWFCA Award,2004
1536,nm0424060,Golden Camera,2012
1537,nm0424060,BSFC Award,2001
1538,nm0424060,DFWFCA Award,2005
1539,nm0424060,VFCC Award,2004
1540,nm0424060,Teen Choice Award,2012
1541,nm0424060,Teen Choice Award,2012
1542,nm0424060,Teen Choice Award,2012
1543,nm0424060,Star on the Walk of Fame,2012
1544,nm0424060,People's Choice Award,2013
1545,nm0424060,People's Choice Award,2013
1546,nm0424060,Blimp Award,2013
1547,nm0424060,Blimp Award,2013
1548,nm0424060,People's Choice Award,2013
1549,nm0424060,MTV Movie Award,2013
1550,nm0424060,SFX Award,2013
1551,nm0424060,People's Choice Award,2014
1552,nm0424060,People's Choice Award,2014
1553,nm0424060,British Independent Film Award,2013
1554,nm0424060,Best Actress,2013
1555,nm0424060,WAFCA Award,2013
1556,nm0424060,Critics Choice Award,2014
1557,nm0424060,CFCA Award,2013
1558,nm0424060,Special Honorary Award,2013
1559,nm0424060,COFCA Award,2014
1560,nm0424060,Honorary César,2014
1561,nm0424060,Saturn Award,2014
1562,nm0424060,MTV Movie Award,2014
1563,nm0424060,Sierra Award,2002
1564,nm0424060,Scream Award,2010
1565,nm0424060,ICS Award,2014
1566,nm0424060,NYFCO Award,2003
1567,nm0424060,SLFCA Award,2013
1568,nm0424060,SLFCA Award,2013
1569,nm0424060,EDA Special Mention Award,2008
1570,nm0424060,EDA Award,2013
1571,nm0424060,EDA Special Mention Award,2013
1572,nm0424060,UFCA Award,2013
1573,nm0424060,OFTA Film Award,2014
1574,nm0424060,OFTA Film Award,1999
1575,nm0424060,OFTA Film Award,2002
1576,nm0424060,OFTA Film Award,2004
1577,nm0424060,OFTA Film Award,2006
1578,nm0424060,DFCS Award,2013
1579,nm0424060,American Comedy Award,2014
1580,nm0424060,World Soundtrack Award,2014
1581,nm0424060,VVFP Award,2013
1582,nm0424060,Teen Choice Award,2014
1583,nm0424060,Teen Choice Award,2014
1584,nm0424060,ACCA,2013
1585,nm0424060,People's Choice Award,2015
1586,nm0424060,People's Choice Award,2015
1587,nm0424060,People's Choice Award,2015
1588,nm0424060,BTVA Feature Film Voice Acting Award,2014
1589,nm0424060,WAFCA Award,2014
1590,nm0424060,Critics Choice Award,2015
1591,nm0424060,ALFS Award,2015
1592,nm0424060,VVFP Award,2014
1593,nm0424060,CFCA Award,2014
1594,nm0424060,SFFCC Award,2014
1595,nm0424060,DFCS Award,2014
1596,nm0424060,WFCC Award,2013
1597,nm0424060,GAFCA Award,2015
1598,nm0424060,NSFC Award,2015
1599,nm0424060,COFCA Award,2015
1600,nm0424060,EDA Female Focus Award,2015
1601,nm0424060,EDA Special Mention Award,2015
1602,nm0424060,DFCS Award,2015
1603,nm0424060,ICS Award,2015
1604,nm0424060,Blimp Award,2015
1605,nm0424060,ACCA,2003
1606,nm0424060,Jupiter Award,2015
1607,nm0424060,MTV Movie Award,2015
1608,nm0424060,MTV Movie Award,2015
1609,nm0424060,Saturn Award,2015
1610,nm0424060,Cinema Bloggers Award,2015
1611,nm0424060,INOCA,2014
1612,nm0424060,ICP Award,2014
1613,nm0424060,Chainsaw Award,2015
1614,nm0424060,Halfway Award,2014
1615,nm0424060,Golden Schmoes,2014
1616,nm0424060,Golden Schmoes,2014
1617,nm0424060,NCFCA Award,2014
1618,nm0424060,Golden Schmoes,2010
1619,nm0424060,Golden Schmoes,2006
1620,nm0424060,Golden Schmoes,2006
1621,nm0424060,Golden Schmoes,2013
1622,nm0424060,Golden Schmoes,2013
1623,nm0424060,Teen Choice Award,2015
1624,nm0424060,Prism Award,2005
1625,nm0424060,Golden Schmoes,2012
1626,nm0424060,Stinker Award,2006
1627,nm0424060,Gotham Independent Film Award,2008
1628,nm0424060,Gotham Independent Film Award,2013
1629,nm0424060,Gotham Independent Film Award,2014
1630,nm0424060,ICP Award,2013
1631,nm0424060,OFCS Award,2013
1632,nm0424060,Gold Derby Award,2004
1633,nm0424060,VVFP Award,2013
1634,nm0424060,People's Choice Award,2016
1635,nm0424060,Gold Derby Award,2014
1636,nm0424060,Seattle Film Critics Award,2014
1637,nm0424060,Golden Schmoes,2015
1638,nm0424060,IOMA,2004
1639,nm0424060,IOMA,2006
1640,nm0424060,Blimp Award,2016
1641,nm0424060,People's Choice Award,2016
1642,nm0424060,Teen Choice Award,2016
1643,nm0424060,Teen Choice Award,2016
1644,nm0424060,People's Choice Award,2017
1645,nm0424060,People's Choice Award,2017
1646,nm0424060,Critics Choice Award,2016
1647,nm0424060,Jupiter Award,2017
1648,nm0424060,Blimp Award,2017
1649,nm0424060,Blimp Award,2017
1650,nm0424060,Blimp Award,2017
1651,nm0424060,Golden Schmoes,2016
1652,nm0424060,INOCA,2004
1653,nm0424060,BloodGuts UK Horror Award,2015
1654,nm0424060,Golden Schmoes,2003
1655,nm0424060,Georges Award,2015
1656,nm0424060,Saturn Award,2017
1657,nm0424060,Golden Schmoes,2003
1658,nm0424060,Georges Award,2013
1659,nm0424060,Georges Award,2014
1660,nm0424060,Georges Award,2014
1661,nm0424060,Georges Award,2007
1662,nm0424060,Georges Award,2005
1663,nm0424060,Georges Award,2006
1664,nm0424060,BTVA Feature Film Voice Acting Award,2017
1665,nm0424060,Premiere New Power Award,2005
1666,nm0424060,Dynamic Duo Award,2012
1667,nm0424060,MTV Movie + TV Award,2018
1668,nm0424060,Teen Choice Award,2018
1669,nm0424060,Audience Award,2008
1670,nm0424060,Huading Award,2016
1671,nm0424060,Blimp Award,2019
1672,nm0424060,People's Choice Award,2018
1673,nm0424060,Teen Choice Award,2019
1674,nm0424060,Saturn Award,2019
1675,nm0424060,People's Choice Award,2019
1676,nm0424060,Outstanding Performer of the Year Award,2020
1677,nm0424060,Robert Altman Award,2020
1678,nm0424060,Satellite Award,2019
1679,nm0424060,Critics Choice Award,2020
1680,nm0424060,Critics Choice Award,2020
1681,nm0424060,Golden Globe,2020
1682,nm0424060,DFCS Award,2019
1683,nm0424060,SDFCS Award,2019
1684,nm0424060,WFCC Award,2019
1685,nm0424060,Actor,2020
1686,nm0424060,Actor,2020
1687,nm0424060,Actor,2020
1688,nm0424060,PCC Award,2019
1689,nm0424060,DFCS Award,2019
1690,nm0424060,TFCA Award,2019
1691,nm0424060,SLFCA Award,2019
1692,nm0424060,SLFCA Award,2019
1693,nm0424060,WAFCA Award,2019
1694,nm0424060,WAFCA Award,2019
1695,nm0424060,OAFFC Award,2019
1696,nm0424060,CFCA Award,2019
1697,nm0424060,HCA Award,2020
1698,nm0424060,AACTA International Award,2020
1699,nm0424060,IFJA Award,2019
1700,nm0424060,DFWFCA Award,2019
1701,nm0424060,VFCC Award,2019
1702,nm0424060,OFCC Award,2019
1703,nm0424060,OFCC Award,2019
1704,nm0424060,NFCS Award,2019
1705,nm0424060,FFCC Award,2019
1706,nm0424060,HFCS Award,2020
1707,nm0424060,HFCS Award,2020
1708,nm0424060,NTFCA Award,2019
1709,nm0424060,NTFCA Award,2019
1710,nm0424060,EDA Award,2020
1711,nm0424060,ALFS Award,2020
1712,nm0424060,DFCC,2019
1713,nm0424060,DFCC,2014
1714,nm0424060,UFCA Award,2019
1715,nm0424060,OFCS Award,2020
1716,nm0424060,FFCC Award,2019
1717,nm0424060,MCFCA Award,2020
1718,nm0424060,MCFCA Award,2020
1719,nm0424060,ICP Award,2019
1720,nm0424060,NCFCA Award,2020
1721,nm0424060,AFCA Award,2020
1722,nm0424060,AFCA Award,2020
1723,nm0424060,Dorian Award,2020
1724,nm0424060,WIN Award,2020
1725,nm0424060,LEJA Award,2020
1726,nm0424060,BAFTA Film Award,2020
1727,nm0424060,BAFTA Film Award,2020
1728,nm0424060,DFCS Award,2020
1729,nm0424060,DFCS Award,2020
1730,nm0424060,HFCS Award,2020
1731,nm0424060,HFCS Award,2020
1732,nm0424060,Oscar,2020
1733,nm0424060,Oscar,2020
1734,nm0424060,IFC Award,2020
1735,nm0424060,IFC Award,2020
1736,nm0424060,Golden Schmoes,2019
1737,nm0424060,Golden Schmoes,2019
1738,nm0424060,Golden Schmoes,2019
1739,nm0424060,OFTA Film Award,2020
1740,nm0424060,OFTA Film Award,2020
1741,nm0424060,Sant Jordi,2020
1742,nm0424060,Gold Derby Award,2020
1743,nm0424060,GWNYFCA Award,2019
1744,nm0424060,GWNYFCA Award,2019
1745,nm0424060,ACCA,2020
1746,nm0424060,ICP Award,2019
1747,nm0424060,CinEuphoria,2020
1748,nm0424060,CinEuphoria,2020
1749,nm0424060,Jury Award,2019
1750,nm0424060,INOCA,2020
1751,nm0424060,ICS Award,2020
1752,nm0424060,Golden Carp Film Award - International,2020
1753,nm0424060,Golden Carp Film Award - International,2020
1754,nm0424060,Golden Carp Film Award - International,2020
1755,nm0424060,Blimp Award,2020
1756,nm0424060,Blimp Award,2020
1757,nm0424060,IGN Award,2019
1758,nm0424060,NRJ Ciné Award,2004
1759,nm0424060,Huading Award,2020
1760,nm0424060,Scream Award,2007
1761,nm0424060,Días de Cine Award,2021
1762,nm0424060,NDFS Award,2020
1763,nm0424060,CIC Award,2020
1764,nm0424060,COFCA Award,2020
1765,nm0424060,COFCA Award,2020
1766,nm0424060,CinEuphoria,2021
1767,nm0424060,CinEuphoria,2021
1768,nm0424060,IFJA Award,2019
1769,nm0424060,WFCC Award,2019
1770,nm0424060,SFBAFCC Award,2019
1771,nm0424060,SFBAFCC Award,2019
1772,nm0424060,Palmarés blogos de oro,2020
1773,nm0424060,Palmarés blogos de oro,2020
1774,nm0424060,American Film Award,2020
1775,nm0424060,Scream Award,2007
1776,nm0424060,SFCS Award,2020
1777,nm0424060,COFCA Award,2020
1778,nm0424060,IFJA Award,2016
1779,nm0424060,National Film and Television Award,2019
1780,nm0424060,GAFCA Award,2020
1781,nm0424060,Scream Award,2009
1782,nm0424060,Odyssey Award,2019
1783,nm0424060,Odyssey Award,2020
1784,nm0424060,The BAM Award,2019
1785,nm0424060,Audience Award,2021
1786,nm0424060,MTV Generation Award,2021
1787,nm0424060,WIN Award,2021
1788,nm0424060,People's Choice Award,2021
1789,nm5896355,Gotham Independent Film Award,2016
1790,nm5896355,WAFCA Award,2016
1791,nm5896355,SDFCS Award,2016
1792,nm5896355,PFCS Award,2016
1793,nm5896355,ALFS Award,2017
1794,nm5896355,COFCA Award,2017
1795,nm5896355,Fright Meter Award,2016
1796,nm5896355,Breakthrough Artist Award,2016
1797,nm5896355,EE Rising Star Award,2017
1798,nm5896355,Empire Award,2017
1799,nm5896355,Golden Schmoes,2016
1800,nm5896355,BloodGuts UK Horror Award,2016
1801,nm5896355,Chainsaw Award,2017
1802,nm5896355,OFTA Film Award,2017
1803,nm5896355,Saturn Award,2017
1804,nm5896355,Gold Derby Award,2017
1805,nm5896355,Chopard Trophy,2017
1806,nm5896355,Halfway Award,2016
1807,nm5896355,IGN Award,2016
1808,nm5896355,BloodGuts UK Horror Award,2016
1809,nm5896355,Halfway Award,2018
1810,nm5896355,NMFC Award,2016
1811,nm5896355,ALFS Award,2019
1812,nm5896355,IFJA Award,2020
1813,nm5896355,Midseason Award,2020
1814,nm5896355,Días de Cine Award,2021
1815,nm5896355,Critics Choice Award,2021
1816,nm5896355,Golden Globe,2021
1817,nm5896355,Golden Globe,2021
1818,nm5896355,Satellite Award,2021
1819,nm5896355,Satellite Award,2021
1820,nm5896355,Actor,2021
1821,nm5896355,AACTA International Award,2021
1822,nm5896355,IGN Award,2020
1823,nm5896355,SFCS Award,2017
1824,nm5896355,IFJA Award,2016
1825,nm5896355,National Film Award,2017
1826,nm5896355,MTV Movie + TV Award,2021
1827,nm5896355,The BAM Award,2018
1828,nm5896355,Dorian Award,2021
1829,nm5896355,Dorian Award,2021
1830,nm5896355,Gold Derby TV Award,2021
1831,nm5896355,Gold Derby TV Award,2021
1832,nm5896355,Gold Derby TV Award,2021
1833,nm5896355,Primetime Emmy,2021
1834,nm5896355,INOCA TV,2021
1835,nm5896355,HCA TV Award,2021
1836,nm5896355,Imagen Award,2021
1837,nm5896355,TCA Award,2021
1838,nm5896355,OFTA Television Award,2021
1839,nm5896355,Gotham Independent Film Award,2021
1840,nm5896355,HMMA Award,2021
1841,nm5136993,The Equity Award,2019
1842,nm5136993,The Equity Award,2019
1843,nm2400045,Teen Choice Award,2010
1844,nm2400045,Teen Choice Award,2010
1845,nm2400045,Teen Choice Award,2011
1846,nm2400045,Teen Choice Award,2011
1847,nm2400045,Teen Choice Award,2011
1848,nm2400045,People's Choice Award,2012
1849,nm2400045,Teen Choice Award,2012
1850,nm2400045,People's Choice Award,2013
1851,nm2400045,SDFCS Award,2012
1852,nm2400045,Teen Choice Award,2013
1853,nm2400045,People's Choice Award,2014
1854,nm2400045,People's Choice Award,2014
1855,nm2400045,Young Hollywood Award,2014
1856,nm2400045,Young Hollywood Award,2014
1857,nm2400045,People's Choice Award,2015
1858,nm2400045,People's Choice Award,2015
1859,nm2400045,ACCA,2012
1860,nm2400045,Teen Choice Award,2016
1861,nm2400045,Teen Choice Award,2015
1862,nm2400045,Teen Choice Award,2014
1863,nm2400045,Bravo Otto Germany,2012
1864,nm2400045,Teen Choice Award,2017
1865,nm2400045,Teen Choice Award,2015
1866,nm2400045,Teen Choice Award,2019
1867,nm1296458,Black Reel,2019
1868,nm0719637,CFCA Award,2009
1869,nm0719637,WAFCA Award,2009
1870,nm0719637,WAFCA Award,2009
1871,nm0719637,WAFCA Award,2009
1872,nm0719637,Sierra Award,2009
1873,nm0719637,BSFC Award,2009
1874,nm0719637,Critics Choice Award,2010
1875,nm0719637,OFCS Award,2010
1876,nm0719637,NSFC Award,2010
1877,nm0719637,NBR Award,2009
1878,nm0719637,Oscar,2010
1879,nm0719637,Best Actor,2006
1880,nm0719637,Hollywood Breakthrough Award,2009
1881,nm0719637,Slate Award,2008
1882,nm0719637,Chlotrudis Award,2010
1883,nm0719637,Actor,2010
1884,nm0719637,Actor,2010
1885,nm0719637,BAFTA Film Award,2010
1886,nm0719637,Breakthrough Performance Award,2010
1887,nm0719637,Satellite Award,2009
1888,nm0719637,Feature Film Award,2001
1889,nm0719637,Independent Spirit Award,2003
1890,nm0719637,Independent Spirit Award,2009
1891,nm0719637,Teen Choice Award,2010
1892,nm0719637,Satellite Award,2010
1893,nm0719637,WAFCA Award,2010
1894,nm0719637,Golden Globe,2011
1895,nm0719637,SDFCS Award,2010
1896,nm0719637,Actor,2011
1897,nm0719637,Critics Choice Award,2011
1898,nm0719637,Oscar,2011
1899,nm0719637,DFWFCA Award,2010
1900,nm0719637,DFWFCA Award,2009
1901,nm0719637,NSFC Award,2011
1902,nm0719637,NYFCC Award,2009
1903,nm0719637,NBR Award,2010
1904,nm0719637,SDFCS Award,2009
1905,nm0719637,SEFCA Award,2009
1906,nm0719637,VFCC Award,2010
1907,nm0719637,People's Choice Award,2013
1908,nm0719637,MTV Movie Award,2013
1909,nm0719637,Ensemble Cast Award,2014
1910,nm0719637,Copper Wing Award,2008
1911,nm0719637,Actor,2014
1912,nm0719637,PFCS Award,2013
1913,nm0719637,COFCA Award,2014
1914,nm0719637,IFJA Award,2013
1915,nm0719637,IFJA Award,2009
1916,nm0719637,NYFCO Award,2013
1917,nm0719637,EDA Award,2009
1918,nm0719637,NTFCA Award,2011
1919,nm0719637,ICS Award,2010
1920,nm0719637,Jupiter Award,2011
1921,nm0719637,DFCS Award,2011
1922,nm0719637,SLFCA Award,2009
1923,nm0719637,SLFCA Award,2010
1924,nm0719637,HFCS Award,2009
1925,nm0719637,HFCS Award,2010
1926,nm0719637,CinemaCon Award,2012
1927,nm0719637,VVFP Award,2009
1928,nm0719637,UFCA Award,2009
1929,nm0719637,OFTA Film Award,2010
1930,nm0719637,OFTA Film Award,2011
1931,nm0719637,Honors,2014
1932,nm0719637,Dorian Award,2010
1933,nm0719637,Golden Schmoes,2010
1934,nm0719637,ACCA,2010
1935,nm0719637,WFCC Award,2014
1936,nm0719637,ACCA,2009
1937,nm0719637,ACCA,2009
1938,nm0719637,Davis Award,2010
1939,nm0719637,Golden Schmoes,2009
1940,nm0719637,Golden Schmoes,2009
1941,nm0719637,IFCS Award,2009
1942,nm0719637,Gotham Independent Film Award,2009
1943,nm0719637,Gotham Independent Film Award,2009
1944,nm0719637,ICP Award,2009
1945,nm0719637,Gold Derby Award,2010
1946,nm0719637,Gold Derby Award,2014
1947,nm0719637,Seattle Film Critics Award,2014
1948,nm0719637,Gold Derby Award,2010
1949,nm0719637,Teen Choice Award,2016
1950,nm0719637,DFCS Award,2010
1951,nm0719637,Blimp Award,2017
1952,nm0719637,Dorian Award,2010
1953,nm0719637,INOCA,2010
1954,nm0719637,President's Award,2017
1955,nm0719637,Teen Choice Award,2017
1956,nm0719637,Best Actor,2016
1957,nm0719637,Satellite Award,2018
1958,nm0719637,NTFCA Award,2017
1959,nm0719637,Bronze Wrangler,2018
1960,nm0719637,Huading Award,2014
1961,nm0719637,Saturn Award,2019
1962,nm0719637,Gold Derby Award,2020
1963,nm0719637,Teen Choice Award,2018
1964,nm0719637,The BAM Award,2019
1965,nm0719637,The BAM Award,2017
1966,nm2886648,Jury Award,2019
1967,nm3031063,Teen Choice Award,2016
1968,nm3031063,Teen Choice Award,2018
1969,nm3031063,People's Choice Award,2018
1970,nm3031063,Teen Choice Award,2019
1971,nm3031063,Teen Choice Award,2019
1972,nm4960279,Primetime Emmy,2019
1973,nm4960279,Critics Choice Award,2020
1974,nm4960279,Actor,2020
1975,nm4960279,OFTA Film Award,2020
1976,nm4960279,Gold Derby Award,2020
1977,nm4960279,Gold Derby Award,2020
1978,nm4960279,Golden Carp Film Award - International,2020
1979,nm4960279,Critics Choice Award,2022
1980,nm2024644,Grand Bell Award,2007
1981,nm2024644,Grand Bell Award,2008
1982,nm2024644,People's Choice Award,2010
1983,nm2024644,Achievement Award,2012
1984,nm2024644,BTVA Feature Film Voice Acting Award,2015
1985,nm2024644,Korean Association of Film Critics Award,2007
1986,nm2024644,Blue Dragon Award,2007
1987,nm2024644,China Movie Channel Media Award,2012
1988,nm2024644,Cine21 Movie Award,2007
1989,nm1227814,Imagen Award,2006
1990,nm1227814,ShoWest Award,2010
1991,nm1227814,MTV Movie Award,2009
1992,nm1227814,MTV Movie Award,2009
1993,nm1227814,Young Artist Award,2007
1994,nm1227814,Blimp Award,2009
1995,nm1227814,Teen Choice Award,2006
1996,nm1227814,Teen Choice Award,2006
1997,nm1227814,Teen Choice Award,2009
1998,nm1227814,Teen Choice Award,2009
1999,nm1227814,People's Choice Award,2011
2000,nm1227814,Teen Choice Award,2009
2001,nm1227814,Teen Choice Award,2008
2002,nm1227814,Teen Choice Award,2011
2003,nm1227814,Teen Choice Award,2011
2004,nm1227814,Blimp Award,2010
2005,nm1227814,Teen Choice Award,2012
2006,nm1227814,Blimp Award,2013
2007,nm1227814,MTV Movie Award,2014
2008,nm1227814,EDA Special Mention Award,2013
2009,nm1227814,Golden Schmoes,2011
2010,nm1227814,Bravo Otto Germany,2007
2011,nm1227814,Bravo Otto Germany,2008
2012,nm1227814,Bravo Otto Germany,2008
2013,nm1227814,Teen Choice Award,2017
2014,nm1227814,Young Hollywood Award,2014
2015,nm1227814,Ischia Actress Award,2013
2016,nm1227814,Ischia Legend Award,2013
2017,nm1227814,Pioneering Spirit Award,2014
2018,nm1227814,Honorable Mention: Actress,2019
2019,nm1227814,People's Choice Award,2020
2020,nm1227814,People's Choice Award,2020
2021,nm1227814,Kids' Choice Award,2021
2022,nm1227814,Teen Choice Award,2007
2023,nm5939164,Black Reel,2018
2024,nm5939164,Primetime Emmy,2018
2025,nm5939164,Teen Choice Award,2018
2026,nm5939164,OFTA Television Award,2018
2027,nm5939164,EDA Special Mention Award,2020
2028,nm5939164,Excellence in Acting Award,2020
2029,nm5939164,SFC Award,2020
2030,nm5939164,IFJA Award,2019
2031,nm5939164,Saturn Award,2021
2032,nm5939164,INOCA TV,2018
2033,nm5939164,Tribute Award,2021
2034,nm3069650,BAFTA TV Award,2017
2035,nm3069650,TCA Award,2018
2036,nm3069650,Gold Derby TV Award,2018
2037,nm3069650,OFTA Television Award,2018
2038,nm3069650,Critics Choice Award,2019
2039,nm3069650,Dorian Award,2019
2040,nm3069650,National Television Award,2019
2041,nm3069650,BAFTA TV Award,2019
2042,nm3069650,MTV Movie + TV Award,2019
2043,nm3069650,IGN Award,2018
2044,nm3069650,TCA Award,2019
2045,nm3069650,Primetime Emmy,2019
2046,nm3069650,Gold Derby TV Award,2019
2047,nm3069650,OFTA Television Award,2019
2048,nm3069650,Satellite Award,2019
2049,nm3069650,Golden Globe,2020
2050,nm3069650,Critics Choice Award,2020
2051,nm3069650,Actor,2020
2052,nm3069650,WIN Award,2020
2053,nm3069650,Broadcasting Press Guild Award,2019
2054,nm3069650,RTS Television Award,2019
2055,nm3069650,TV Choice Award,2019
2056,nm3069650,RTS Television Award,2017
2057,nm3069650,IGN Award,2019
2058,nm3069650,BAFTA TV Award,2020
2059,nm3069650,Primetime Emmy,2020
2060,nm3069650,Gold Derby TV Award,2020
2061,nm3069650,TV Choice Award,2020
2062,nm3069650,OFTA Television Award,2020
2063,nm3069650,Golden Globe,2021
2064,nm3069650,MTV Movie + TV Award,2021
2065,nm3069650,BAFTA TV Award,2021
2066,nm3069650,INOCA TV,2019
2067,nm3069650,INOCA TV,2018
2068,nm3069650,Satellite Award,2022
2069,nm2093766,Best of the Fest,2008
2070,nm0224565,Gemini,2005
2071,nm0224565,Prism Award,2006
2072,nm0224565,Annie,2014
2073,nm0224565,Primetime Emmy,2014
2074,nm0224565,BTVA Voice Acting Award,2014
2075,nm0224565,BTVA Television Voice Acting Award,2014
2076,nm0224565,BTVA Special/DVD Voice Acting Award,2016
2077,nm0224565,Annie,2018
2078,nm0224565,Daytime Emmy,2018
2079,nm0224565,BTVA Television Voice Acting Award,2018
2080,nm0224565,Daytime Emmy,2019
2081,nm8808118,Gold Award,2019
